1004,CVE-2014-3852,CVE-2015-4138,,,,,,,,,,,,,,,,,,,,,,,,,,,,,,,,,,,,,,,,,,,,,,,,
1007,CVE-2013-7236,CVE-2012-0584,CVE-2009-0652,CVE-2017-5015,CVE-2005-0233,CVE-2005-0234,CVE-2005-0235,,,,,,,,,,,,,,,,,,,,,,,,,,,,,,,,,,,,,,,,,,,
102,,,,,,,,,,,,,,,,,,,,,,,,,,,,,,,,,,,,,,,,,,,,,,,,,,
1021,CVE-2017-7440,CVE-2017-5697,CVE-2017-4015,CVE-2016-2496,CVE-2015-1241,CVE-2017-0492,,,,,,,,,,,,,,,,,,,,,,,,,,,,,,,,,,,,,,,,,,,,
1022,,,,,,,,,,,,,,,,,,,,,,,,,,,,,,,,,,,,,,,,,,,,,,,,,,
1023,,,,,,,,,,,,,,,,,,,,,,,,,,,,,,,,,,,,,,,,,,,,,,,,,,
1024,,,,,,,,,,,,,,,,,,,,,,,,,,,,,,,,,,,,,,,,,,,,,,,,,,
1025,,,,,,,,,,,,,,,,,,,,,,,,,,,,,,,,,,,,,,,,,,,,,,,,,,
103,,,,,,,,,,,,,,,,,,,,,,,,,,,,,,,,,,,,,,,,,,,,,,,,,,
1037,CVE-2017-5715,CVE-2017-5753,CVE-2017-5754,,,,,,,,,,,,,,,,,,,,,,,,,,,,,,,,,,,,,,,,,,,,,,,
1038,,,,,,,,,,,,,,,,,,,,,,,,,,,,,,,,,,,,,,,,,,,,,,,,,,
1039,,,,,,,,,,,,,,,,,,,,,,,,,,,,,,,,,,,,,,,,,,,,,,,,,,
104,,,,,,,,,,,,,,,,,,,,,,,,,,,,,,,,,,,,,,,,,,,,,,,,,,
105,,,,,,,,,,,,,,,,,,,,,,,,,,,,,,,,,,,,,,,,,,,,,,,,,,
106,,,,,,,,,,,,,,,,,,,,,,,,,,,,,,,,,,,,,,,,,,,,,,,,,,
107,,,,,,,,,,,,,,,,,,,,,,,,,,,,,,,,,,,,,,,,,,,,,,,,,,
108,,,,,,,,,,,,,,,,,,,,,,,,,,,,,,,,,,,,,,,,,,,,,,,,,,
109,,,,,,,,,,,,,,,,,,,,,,,,,,,,,,,,,,,,,,,,,,,,,,,,,,
11,,,,,,,,,,,,,,,,,,,,,,,,,,,,,,,,,,,,,,,,,,,,,,,,,,
110,,,,,,,,,,,,,,,,,,,,,,,,,,,,,,,,,,,,,,,,,,,,,,,,,,
111,,,,,,,,,,,,,,,,,,,,,,,,,,,,,,,,,,,,,,,,,,,,,,,,,,
112,,,,,,,,,,,,,,,,,,,,,,,,,,,,,,,,,,,,,,,,,,,,,,,,,,
113,CVE-2004-2146,CVE-2004-1620,CVE-2004-1656,CVE-2005-2060,CVE-2005-2065,CVE-2004-2512,CVE-2005-1951,CVE-2004-1687,,,,,,,,,,,,,,,,,,,,,,,,,,,,,,,,,,,,,,,,,,
114,,,,,,,,,,,,,,,,,,,,,,,,,,,,,,,,,,,,,,,,,,,,,,,,,,
115,CVE-2005-2225,CVE-2001-0003,,,,,,,,,,,,,,,,,,,,,,,,,,,,,,,,,,,,,,,,,,,,,,,,
116,CVE-2008-4636,CVE-2008-0769,CVE-2008-0005,CVE-2008-5573,CVE-2008-3773,CVE-2008-0757,,,,,,,,,,,,,,,,,,,,,,,,,,,,,,,,,,,,,,,,,,,,
117,CVE-2006-4624,,,,,,,,,,,,,,,,,,,,,,,,,,,,,,,,,,,,,,,,,,,,,,,,,
118,,,,,,,,,,,,,,,,,,,,,,,,,,,,,,,,,,,,,,,,,,,,,,,,,,
119,CVE-2009-2550,CVE-2009-2403,CVE-2009-0689,CVE-2009-0690,CVE-2009-1532,CVE-2009-1528,CVE-2009-0558,CVE-2009-0269,CVE-2009-0566,CVE-2009-1350,CVE-2009-0191,CVE-2008-4113,CVE-2003-0542,,,,,,,,,,,,,,,,,,,,,,,,,,,,,,,,,,,,,
12,,,,,,,,,,,,,,,,,,,,,,,,,,,,,,,,,,,,,,,,,,,,,,,,,,
120,CVE-2000-1094,CVE-1999-0046,CVE-2002-1337,CVE-2003-0595,CVE-2001-0191,,,,,,,,,,,,,,,,,,,,,,,,,,,,,,,,,,,,,,,,,,,,,
121,,,,,,,,,,,,,,,,,,,,,,,,,,,,,,,,,,,,,,,,,,,,,,,,,,
122,CVE-2007-4268,CVE-2009-2523,,,,,,,,,,,,,,,,,,,,,,,,,,,,,,,,,,,,,,,,,,,,,,,,
123,,,,,,,,,,,,,,,,,,,,,,,,,,,,,,,,,,,,,,,,,,,,,,,,,,
124,CVE-2002-2227,CVE-2007-4580,CVE-2007-1584,CVE-2007-0886,CVE-2006-6171,CVE-2006-4024,CVE-2004-2620,,,,,,,,,,,,,,,,,,,,,,,,,,,,,,,,,,,,,,,,,,,
125,CVE-2009-2523,CVE-2004-0112,CVE-2004-0183,CVE-2004-0221,CVE-2004-0184,CVE-2004-1940,CVE-2004-0421,,,,,,,,,,,,,,,,,,,,,,,,,,,,,,,,,,,,,,,,,,,
126,CVE-2014-0160,CVE-2009-2523,,,,,,,,,,,,,,,,,,,,,,,,,,,,,,,,,,,,,,,,,,,,,,,,
127,,,,,,,,,,,,,,,,,,,,,,,,,,,,,,,,,,,,,,,,,,,,,,,,,,
128,,,,,,,,,,,,,,,,,,,,,,,,,,,,,,,,,,,,,,,,,,,,,,,,,,
129,CVE-2005-0369,CVE-2001-1009,CVE-2003-0721,CVE-2004-1189,CVE-2007-5756,CVE-2005-2456,,,,,,,,,,,,,,,,,,,,,,,,,,,,,,,,,,,,,,,,,,,,
13,,,,,,,,,,,,,,,,,,,,,,,,,,,,,,,,,,,,,,,,,,,,,,,,,,
130,CVE-2014-0160,CVE-2009-2299,CVE-2001-0825,CVE-2001-1186,CVE-2001-0191,CVE-2003-0429,CVE-2000-0655,CVE-2004-0492,CVE-2004-0201,CVE-2003-0825,CVE-2004-0095,CVE-2004-0826,CVE-2004-0808,CVE-2002-1357,CVE-2004-0774,CVE-2004-0989,CVE-2004-0568,CVE-2003-0327,CVE-2003-0345,CVE-2004-0430,CVE-2005-0064,CVE-2004-0413,CVE-2004-0940,CVE-2002-1235,CVE-2005-3184,,,,,,,,,,,,,,,,,,,,,,,,,
131,CVE-2004-1363,CVE-2004-0747,CVE-2005-2103,CVE-2005-3120,CVE-2003-0899,CVE-2001-0334,CVE-2001-0248,CVE-2001-0249,CVE-2002-0184,CVE-2004-0434,CVE-2002-1347,CVE-2005-0490,CVE-2004-0940,CVE-2008-0599,,,,,,,,,,,,,,,,,,,,,,,,,,,,,,,,,,,,
134,CVE-2002-1825,CVE-2001-0717,CVE-2002-0573,CVE-2002-1788,CVE-2006-2480,CVE-2007-2027,,,,,,,,,,,,,,,,,,,,,,,,,,,,,,,,,,,,,,,,,,,,
135,,,,,,,,,,,,,,,,,,,,,,,,,,,,,,,,,,,,,,,,,,,,,,,,,,
138,CVE-2001-0677,CVE-2000-0703,CVE-2003-0020,CVE-2003-0083,,,,,,,,,,,,,,,,,,,,,,,,,,,,,,,,,,,,,,,,,,,,,,
14,,,,,,,,,,,,,,,,,,,,,,,,,,,,,,,,,,,,,,,,,,,,,,,,,,
140,,,,,,,,,,,,,,,,,,,,,,,,,,,,,,,,,,,,,,,,,,,,,,,,,,
141,CVE-2003-0307,,,,,,,,,,,,,,,,,,,,,,,,,,,,,,,,,,,,,,,,,,,,,,,,,
142,CVE-2000-0293,,,,,,,,,,,,,,,,,,,,,,,,,,,,,,,,,,,,,,,,,,,,,,,,,
143,CVE-2004-1982,CVE-2001-0527,,,,,,,,,,,,,,,,,,,,,,,,,,,,,,,,,,,,,,,,,,,,,,,,
144,CVE-2002-0267,,,,,,,,,,,,,,,,,,,,,,,,,,,,,,,,,,,,,,,,,,,,,,,,,
145,,,,,,,,,,,,,,,,,,,,,,,,,,,,,,,,,,,,,,,,,,,,,,,,,,
146,,,,,,,,,,,,,,,,,,,,,,,,,,,,,,,,,,,,,,,,,,,,,,,,,,
147,CVE-2000-0319,CVE-2000-0320,CVE-2001-0996,CVE-2002-0001,,,,,,,,,,,,,,,,,,,,,,,,,,,,,,,,,,,,,,,,,,,,,,
148,,,,,,,,,,,,,,,,,,,,,,,,,,,,,,,,,,,,,,,,,,,,,,,,,,
149,CVE-2004-0956,CVE-2003-1016,,,,,,,,,,,,,,,,,,,,,,,,,,,,,,,,,,,,,,,,,,,,,,,,
15,,,,,,,,,,,,,,,,,,,,,,,,,,,,,,,,,,,,,,,,,,,,,,,,,,
150,CVE-2002-0542,CVE-2000-0703,CVE-2002-0986,CVE-2003-0020,CVE-2003-0083,CVE-2003-0021,CVE-2003-0022,CVE-2003-0023,CVE-2003-0063,CVE-2000-0476,CVE-2001-1556,,,,,,,,,,,,,,,,,,,,,,,,,,,,,,,,,,,,,,,
151,CVE-2002-0001,CVE-2004-0162,CVE-2004-1686,CVE-2005-1909,CVE-2005-1969,,,,,,,,,,,,,,,,,,,,,,,,,,,,,,,,,,,,,,,,,,,,,
152,CVE-2002-0770,CVE-2008-2018,,,,,,,,,,,,,,,,,,,,,,,,,,,,,,,,,,,,,,,,,,,,,,,,
153,CVE-2002-0770,,,,,,,,,,,,,,,,,,,,,,,,,,,,,,,,,,,,,,,,,,,,,,,,,
154,CVE-2005-0129,CVE-2002-0770,,,,,,,,,,,,,,,,,,,,,,,,,,,,,,,,,,,,,,,,,,,,,,,,
155,CVE-2002-0433,CVE-2002-1010,CVE-2001-0334,CVE-2004-1962,,,,,,,,,,,,,,,,,,,,,,,,,,,,,,,,,,,,,,,,,,,,,,
156,CVE-2002-0637,CVE-2004-0942,CVE-2003-1015,,,,,,,,,,,,,,,,,,,,,,,,,,,,,,,,,,,,,,,,,,,,,,,
157,CVE-2004-0956,CVE-2000-1165,CVE-2005-2933,,,,,,,,,,,,,,,,,,,,,,,,,,,,,,,,,,,,,,,,,,,,,,,
158,CVE-2005-2008,CVE-2005-3293,CVE-2005-2061,CVE-2002-1774,CVE-2000-0149,CVE-2000-0671,CVE-2001-0738,CVE-2001-1140,CVE-2002-1031,CVE-2002-1025,CVE-2003-0768,CVE-2004-0189,CVE-2005-3153,CVE-2005-4155,,,,,,,,,,,,,,,,,,,,,,,,,,,,,,,,,,,,
159,,,,,,,,,,,,,,,,,,,,,,,,,,,,,,,,,,,,,,,,,,,,,,,,,,
160,,,,,,,,,,,,,,,,,,,,,,,,,,,,,,,,,,,,,,,,,,,,,,,,,,
161,,,,,,,,,,,,,,,,,,,,,,,,,,,,,,,,,,,,,,,,,,,,,,,,,,
162,,,,,,,,,,,,,,,,,,,,,,,,,,,,,,,,,,,,,,,,,,,,,,,,,,
163,,,,,,,,,,,,,,,,,,,,,,,,,,,,,,,,,,,,,,,,,,,,,,,,,,
164,,,,,,,,,,,,,,,,,,,,,,,,,,,,,,,,,,,,,,,,,,,,,,,,,,
165,,,,,,,,,,,,,,,,,,,,,,,,,,,,,,,,,,,,,,,,,,,,,,,,,,
166,CVE-2002-1362,CVE-2002-0729,CVE-2002-1532,,,,,,,,,,,,,,,,,,,,,,,,,,,,,,,,,,,,,,,,,,,,,,,
167,CVE-2000-0116,CVE-2001-1157,CVE-2002-2086,,,,,,,,,,,,,,,,,,,,,,,,,,,,,,,,,,,,,,,,,,,,,,,
168,,,,,,,,,,,,,,,,,,,,,,,,,,,,,,,,,,,,,,,,,,,,,,,,,,
170,CVE-2000-0312,CVE-2003-0777,CVE-2004-1072,CVE-2001-1389,CVE-2003-0143,CVE-2009-2523,,,,,,,,,,,,,,,,,,,,,,,,,,,,,,,,,,,,,,,,,,,,
172,,,,,,,,,,,,,,,,,,,,,,,,,,,,,,,,,,,,,,,,,,,,,,,,,,
173,,,,,,,,,,,,,,,,,,,,,,,,,,,,,,,,,,,,,,,,,,,,,,,,,,
174,CVE-2004-1315,CVE-2004-1939,CVE-2001-0333,CVE-2004-1938,CVE-2005-1945,CVE-2005-0054,,,,,,,,,,,,,,,,,,,,,,,,,,,,,,,,,,,,,,,,,,,,
175,,,,,,,,,,,,,,,,,,,,,,,,,,,,,,,,,,,,,,,,,,,,,,,,,,
176,CVE-2000-0884,CVE-2001-0709,CVE-2001-0669,,,,,,,,,,,,,,,,,,,,,,,,,,,,,,,,,,,,,,,,,,,,,,,
177,CVE-2000-0900,CVE-2005-2256,CVE-2004-2121,CVE-2004-0280,CVE-2003-0424,CVE-2001-0693,CVE-2001-0778,CVE-2002-1831,CVE-2000-0671,CVE-2004-0189,CVE-2002-1291,CVE-2002-1031,CVE-2001-1140,CVE-2004-0760,CVE-2002-1025,CVE-2002-1213,CVE-2004-0072,CVE-2004-0847,CVE-2002-1575,,,,,,,,,,,,,,,,,,,,,,,,,,,,,,,
178,CVE-2000-0499,CVE-2000-0497,CVE-2000-0498,CVE-2001-0766,CVE-2001-0795,CVE-2001-1238,CVE-2003-0411,CVE-2002-0485,CVE-1999-0239,CVE-2005-0269,CVE-2004-1083,CVE-2002-2119,CVE-2004-2214,CVE-2004-2154,CVE-2005-4509,CVE-2002-1820,CVE-2007-3365,,,,,,,,,,,,,,,,,,,,,,,,,,,,,,,,,
179,CVE-2002-0433,CVE-2003-0332,CVE-2002-0802,CVE-2000-0191,CVE-2004-2363,CVE-2002-0934,CVE-2003-0282,,,,,,,,,,,,,,,,,,,,,,,,,,,,,,,,,,,,,,,,,,,
180,CVE-2002-0433,CVE-2003-0332,CVE-2002-0802,CVE-2000-0191,CVE-2004-2363,,,,,,,,,,,,,,,,,,,,,,,,,,,,,,,,,,,,,,,,,,,,,
181,CVE-2002-0934,CVE-2003-0282,,,,,,,,,,,,,,,,,,,,,,,,,,,,,,,,,,,,,,,,,,,,,,,,
182,CVE-2004-0815,CVE-2005-3123,CVE-2002-0325,CVE-2002-0784,CVE-2005-2169,CVE-2001-1157,,,,,,,,,,,,,,,,,,,,,,,,,,,,,,,,,,,,,,,,,,,,
183,,,,,,,,,,,,,,,,,,,,,,,,,,,,,,,,,,,,,,,,,,,,,,,,,,
184,CVE-2005-2782,CVE-2004-0542,CVE-2004-0595,CVE-2005-3287,CVE-2004-2351,CVE-2005-2959,CVE-2005-1824,CVE-2005-2184,CVE-2007-1343,CVE-2007-5727,CVE-2006-4308,CVE-2007-3572,CVE-2002-0661,,,,,,,,,,,,,,,,,,,,,,,,,,,,,,,,,,,,,
185,CVE-2002-2109,CVE-2005-1949,CVE-2001-1072,CVE-2000-0115,CVE-2002-1527,CVE-2005-1061,CVE-2005-2169,CVE-2005-0603,CVE-2005-1820,CVE-2005-3153,CVE-2005-4155,,,,,,,,,,,,,,,,,,,,,,,,,,,,,,,,,,,,,,,
186,CVE-2005-1604,,,,,,,,,,,,,,,,,,,,,,,,,,,,,,,,,,,,,,,,,,,,,,,,,
187,CVE-2014-6394,CVE-2004-1012,CVE-2004-0765,CVE-2002-1374,CVE-2000-0979,,,,,,,,,,,,,,,,,,,,,,,,,,,,,,,,,,,,,,,,,,,,,
188,,,,,,,,,,,,,,,,,,,,,,,,,,,,,,,,,,,,,,,,,,,,,,,,,,
190,CVE-2010-2753,CVE-2002-0391,CVE-2002-0639,CVE-2005-1141,CVE-2005-0102,CVE-2004-2013,,,,,,,,,,,,,,,,,,,,,,,,,,,,,,,,,,,,,,,,,,,,
191,CVE-2004-0816,CVE-2004-1002,CVE-2005-0199,CVE-2005-1891,,,,,,,,,,,,,,,,,,,,,,,,,,,,,,,,,,,,,,,,,,,,,,
192,,,,,,,,,,,,,,,,,,,,,,,,,,,,,,,,,,,,,,,,,,,,,,,,,,
193,CVE-2003-0252,CVE-2001-1391,CVE-2002-0083,CVE-2002-0653,CVE-2002-0844,CVE-1999-1568,CVE-2004-0346,CVE-2004-0005,CVE-2003-0356,CVE-2001-1496,CVE-2004-0342,CVE-2001-0609,CVE-2002-1745,CVE-2002-1816,CVE-2002-1721,CVE-2003-0466,CVE-2003-0625,CVE-2006-4574,,,,,,,,,,,,,,,,,,,,,,,,,,,,,,,,
194,CVE-1999-0234,CVE-2003-0161,CVE-2007-4988,CVE-2006-1834,CVE-2005-2753,,,,,,,,,,,,,,,,,,,,,,,,,,,,,,,,,,,,,,,,,,,,,
195,CVE-2007-4268,,,,,,,,,,,,,,,,,,,,,,,,,,,,,,,,,,,,,,,,,,,,,,,,,
196,,,,,,,,,,,,,,,,,,,,,,,,,,,,,,,,,,,,,,,,,,,,,,,,,,
197,CVE-2009-0231,CVE-2008-3282,,,,,,,,,,,,,,,,,,,,,,,,,,,,,,,,,,,,,,,,,,,,,,,,
198,,,,,,,,,,,,,,,,,,,,,,,,,,,,,,,,,,,,,,,,,,,,,,,,,,
20,CVE-2008-5305,CVE-2008-2223,CVE-2008-3477,CVE-2008-3843,CVE-2008-3174,CVE-2007-3409,CVE-2006-6870,CVE-2008-1303,CVE-2007-5893,CVE-2006-6658,CVE-2008-4114,CVE-2006-3790,CVE-2008-2309,CVE-2008-3494,CVE-2006-5462,CVE-2008-3571,CVE-2006-5525,CVE-2008-1284,CVE-2008-0600,CVE-2008-1738,CVE-2008-1737,CVE-2008-3464,CVE-2008-2252,CVE-2008-2374,CVE-2008-1440,CVE-2008-1625,CVE-2008-3177,CVE-2007-2442,CVE-2008-5563,CVE-2008-5285,CVE-2008-3812,CVE-2008-3680,CVE-2008-3660,,,,,,,,,,,,,,,,,
200,,,,,,,,,,,,,,,,,,,,,,,,,,,,,,,,,,,,,,,,,,,,,,,,,,
201,,,,,,,,,,,,,,,,,,,,,,,,,,,,,,,,,,,,,,,,,,,,,,,,,,
202,,,,,,,,,,,,,,,,,,,,,,,,,,,,,,,,,,,,,,,,,,,,,,,,,,
203,CVE-2002-2094,CVE-2001-1483,CVE-2001-1528,CVE-2004-2150,CVE-2005-1650,CVE-2004-0294,CVE-2004-0243,CVE-2002-0514,CVE-2002-0515,CVE-2001-1387,CVE-2004-0778,CVE-2004-1428,CVE-2003-0078,CVE-2000-1117,CVE-2003-0637,CVE-2003-0190,CVE-2004-1602,CVE-2005-0918,,,,,,,,,,,,,,,,,,,,,,,,,,,,,,,,
204,CVE-2002-2094,CVE-2001-1483,CVE-2001-1528,CVE-2004-2150,CVE-2005-1650,CVE-2004-0294,CVE-2004-0243,CVE-2002-0514,CVE-2002-0515,CVE-2001-1387,CVE-2004-0778,CVE-2004-1428,,,,,,,,,,,,,,,,,,,,,,,,,,,,,,,,,,,,,,
205,,,,,,,,,,,,,,,,,,,,,,,,,,,,,,,,,,,,,,,,,,,,,,,,,,
206,CVE-2002-2031,CVE-2005-2025,CVE-2001-1497,CVE-2003-0190,,,,,,,,,,,,,,,,,,,,,,,,,,,,,,,,,,,,,,,,,,,,,,
207,CVE-2002-0208,CVE-2004-2252,CVE-2000-1142,,,,,,,,,,,,,,,,,,,,,,,,,,,,,,,,,,,,,,,,,,,,,,,
208,CVE-2003-0078,CVE-2000-1117,CVE-2003-0637,CVE-2003-0190,CVE-2004-1602,CVE-2005-0918,,,,,,,,,,,,,,,,,,,,,,,,,,,,,,,,,,,,,,,,,,,,
209,CVE-2008-2049,CVE-2007-5172,CVE-2008-4638,CVE-2008-1579,CVE-2007-1409,CVE-2008-3060,CVE-2005-0603,,,,,,,,,,,,,,,,,,,,,,,,,,,,,,,,,,,,,,,,,,,
210,CVE-2005-1745,,,,,,,,,,,,,,,,,,,,,,,,,,,,,,,,,,,,,,,,,,,,,,,,,
211,CVE-2004-1581,CVE-2004-1579,CVE-2005-0459,CVE-2005-0443,CVE-2005-0433,CVE-2004-1101,,,,,,,,,,,,,,,,,,,,,,,,,,,,,,,,,,,,,,,,,,,,
212,CVE-2005-0406,CVE-2002-0704,,,,,,,,,,,,,,,,,,,,,,,,,,,,,,,,,,,,,,,,,,,,,,,,
213,CVE-2002-1725,CVE-2004-0033,CVE-2003-1181,CVE-2004-1422,CVE-2004-1590,CVE-2003-1038,CVE-2005-1205,CVE-2005-0488,,,,,,,,,,,,,,,,,,,,,,,,,,,,,,,,,,,,,,,,,,
214,CVE-2005-1387,CVE-2005-2291,CVE-2001-1565,CVE-2004-1948,CVE-1999-1270,CVE-2004-1058,,,,,,,,,,,,,,,,,,,,,,,,,,,,,,,,,,,,,,,,,,,,
215,CVE-2004-2268,CVE-2002-0918,CVE-2003-1078,,,,,,,,,,,,,,,,,,,,,,,,,,,,,,,,,,,,,,,,,,,,,,,
216,,,,,,,,,,,,,,,,,,,,,,,,,,,,,,,,,,,,,,,,,,,,,,,,,,
219,CVE-2005-1835,CVE-2005-2217,CVE-2002-1449,CVE-2002-0943,CVE-2005-1645,,,,,,,,,,,,,,,,,,,,,,,,,,,,,,,,,,,,,,,,,,,,,
22,CVE-2010-0467,CVE-2009-4194,CVE-2009-4053,CVE-2009-0244,CVE-2009-4013,CVE-2009-4449,CVE-2009-4581,CVE-2010-0012,CVE-2010-0013,CVE-2008-5748,CVE-2009-1936,,,,,,,,,,,,,,,,,,,,,,,,,,,,,,,,,,,,,,,
220,,,,,,,,,,,,,,,,,,,,,,,,,,,,,,,,,,,,,,,,,,,,,,,,,,
221,,,,,,,,,,,,,,,,,,,,,,,,,,,,,,,,,,,,,,,,,,,,,,,,,,
222,CVE-2005-0585,CVE-2004-2032,CVE-2003-0412,,,,,,,,,,,,,,,,,,,,,,,,,,,,,,,,,,,,,,,,,,,,,,,
223,CVE-1999-1029,CVE-2002-1839,CVE-2000-0542,,,,,,,,,,,,,,,,,,,,,,,,,,,,,,,,,,,,,,,,,,,,,,,
224,CVE-2002-0725,,,,,,,,,,,,,,,,,,,,,,,,,,,,,,,,,,,,,,,,,,,,,,,,,
226,CVE-2003-0001,CVE-2003-0291,CVE-2005-1406,CVE-2005-1858,CVE-2005-3180,CVE-2005-3276,CVE-2002-2077,,,,,,,,,,,,,,,,,,,,,,,,,,,,,,,,,,,,,,,,,,,
228,,,,,,,,,,,,,,,,,,,,,,,,,,,,,,,,,,,,,,,,,,,,,,,,,,
229,,,,,,,,,,,,,,,,,,,,,,,,,,,,,,,,,,,,,,,,,,,,,,,,,,
23,CVE-2002-0298,CVE-2002-0661,CVE-2002-0946,CVE-2002-1042,CVE-2002-1209,CVE-2002-1178,CVE-2002-1987,CVE-2005-2142,CVE-2002-0160,CVE-2001-0467,CVE-2001-0963,CVE-2001-1193,CVE-2001-1131,CVE-2001-0480,CVE-2002-0288,CVE-2003-0313,CVE-2005-1658,CVE-2000-0240,CVE-2000-0773,CVE-1999-1082,CVE-2004-2121,CVE-2001-0491,CVE-2001-0615,CVE-2005-2169,CVE-2005-0202,CVE-2004-1670,,,,,,,,,,,,,,,,,,,,,,,,
230,CVE-2002-0422,CVE-2000-1006,CVE-2004-1504,CVE-2005-2053,,,,,,,,,,,,,,,,,,,,,,,,,,,,,,,,,,,,,,,,,,,,,,
231,,,,,,,,,,,,,,,,,,,,,,,,,,,,,,,,,,,,,,,,,,,,,,,,,,
232,CVE-2000-1003,,,,,,,,,,,,,,,,,,,,,,,,,,,,,,,,,,,,,,,,,,,,,,,,,
233,,,,,,,,,,,,,,,,,,,,,,,,,,,,,,,,,,,,,,,,,,,,,,,,,,
234,CVE-2004-0276,CVE-2002-1488,CVE-2002-1169,CVE-2000-0521,CVE-2001-0590,CVE-2003-0239,CVE-2002-1023,CVE-2002-1236,CVE-2003-0422,CVE-2002-1531,CVE-2002-1077,CVE-2002-1358,CVE-2003-0477,CVE-2002-0107,CVE-2002-0596,,,,,,,,,,,,,,,,,,,,,,,,,,,,,,,,,,,
235,CVE-2003-1014,,,,,,,,,,,,,,,,,,,,,,,,,,,,,,,,,,,,,,,,,,,,,,,,,
236,CVE-2002-1488,CVE-2001-0650,,,,,,,,,,,,,,,,,,,,,,,,,,,,,,,,,,,,,,,,,,,,,,,,
237,,,,,,,,,,,,,,,,,,,,,,,,,,,,,,,,,,,,,,,,,,,,,,,,,,
238,,,,,,,,,,,,,,,,,,,,,,,,,,,,,,,,,,,,,,,,,,,,,,,,,,
239,CVE-2002-1532,CVE-2003-0195,CVE-2005-2526,CVE-2002-1906,,,,,,,,,,,,,,,,,,,,,,,,,,,,,,,,,,,,,,,,,,,,,,
24,,,,,,,,,,,,,,,,,,,,,,,,,,,,,,,,,,,,,,,,,,,,,,,,,,
240,,,,,,,,,,,,,,,,,,,,,,,,,,,,,,,,,,,,,,,,,,,,,,,,,,
241,CVE-1999-1156,CVE-2004-0270,,,,,,,,,,,,,,,,,,,,,,,,,,,,,,,,,,,,,,,,,,,,,,,,
242,,,,,,,,,,,,,,,,,,,,,,,,,,,,,,,,,,,,,,,,,,,,,,,,,,
243,,,,,,,,,,,,,,,,,,,,,,,,,,,,,,,,,,,,,,,,,,,,,,,,,,
244,,,,,,,,,,,,,,,,,,,,,,,,,,,,,,,,,,,,,,,,,,,,,,,,,,
245,,,,,,,,,,,,,,,,,,,,,,,,,,,,,,,,,,,,,,,,,,,,,,,,,,
246,,,,,,,,,,,,,,,,,,,,,,,,,,,,,,,,,,,,,,,,,,,,,,,,,,
248,,,,,,,,,,,,,,,,,,,,,,,,,,,,,,,,,,,,,,,,,,,,,,,,,,
25,,,,,,,,,,,,,,,,,,,,,,,,,,,,,,,,,,,,,,,,,,,,,,,,,,
250,CVE-2007-4217,CVE-2008-1877,CVE-2007-5159,CVE-2008-4638,CVE-2008-0162,CVE-2008-0368,CVE-2007-3931,,,,,,,,,,,,,,,,,,,,,,,,,,,,,,,,,,,,,,,,,,,
252,CVE-2007-3798,CVE-2006-4447,CVE-2006-2916,CVE-2008-5183,CVE-2010-0211,,,,,,,,,,,,,,,,,,,,,,,,,,,,,,,,,,,,,,,,,,,,,
253,,,,,,,,,,,,,,,,,,,,,,,,,,,,,,,,,,,,,,,,,,,,,,,,,,
256,,,,,,,,,,,,,,,,,,,,,,,,,,,,,,,,,,,,,,,,,,,,,,,,,,
257,,,,,,,,,,,,,,,,,,,,,,,,,,,,,,,,,,,,,,,,,,,,,,,,,,
258,,,,,,,,,,,,,,,,,,,,,,,,,,,,,,,,,,,,,,,,,,,,,,,,,,
259,,,,,,,,,,,,,,,,,,,,,,,,,,,,,,,,,,,,,,,,,,,,,,,,,,
26,,,,,,,,,,,,,,,,,,,,,,,,,,,,,,,,,,,,,,,,,,,,,,,,,,
260,,,,,,,,,,,,,,,,,,,,,,,,,,,,,,,,,,,,,,,,,,,,,,,,,,
261,,,,,,,,,,,,,,,,,,,,,,,,,,,,,,,,,,,,,,,,,,,,,,,,,,
262,,,,,,,,,,,,,,,,,,,,,,,,,,,,,,,,,,,,,,,,,,,,,,,,,,
263,,,,,,,,,,,,,,,,,,,,,,,,,,,,,,,,,,,,,,,,,,,,,,,,,,
266,CVE-1999-1193,CVE-2005-2741,CVE-2005-2496,CVE-2004-0274,,,,,,,,,,,,,,,,,,,,,,,,,,,,,,,,,,,,,,,,,,,,,,
267,CVE-2002-1981,CVE-2002-1671,CVE-2004-2204,CVE-2000-0315,CVE-2004-0380,CVE-2002-1154,CVE-2002-1145,CVE-2000-0506,CVE-2002-2042,CVE-2000-1212,CVE-2005-1742,CVE-2001-1480,CVE-2001-1551,CVE-2001-1166,CVE-2005-1816,CVE-2005-2173,CVE-2005-2027,,,,,,,,,,,,,,,,,,,,,,,,,,,,,,,,,
268,CVE-2005-1736,CVE-2002-1772,CVE-2005-1973,CVE-2003-0640,,,,,,,,,,,,,,,,,,,,,,,,,,,,,,,,,,,,,,,,,,,,,,
269,CVE-2001-1555,CVE-2001-1514,CVE-2001-0128,,,,,,,,,,,,,,,,,,,,,,,,,,,,,,,,,,,,,,,,,,,,,,,
27,CVE-2002-0298,,,,,,,,,,,,,,,,,,,,,,,,,,,,,,,,,,,,,,,,,,,,,,,,,
270,CVE-2002-1688,CVE-2003-1026,CVE-2002-1770,CVE-2005-2263,,,,,,,,,,,,,,,,,,,,,,,,,,,,,,,,,,,,,,,,,,,,,,
271,CVE-2000-1213,CVE-2001-0559,CVE-2001-0787,CVE-2002-0080,CVE-2001-1029,CVE-1999-0813,CVE-1999-1326,CVE-2000-0172,CVE-2004-2504,CVE-2004-0213,CVE-2004-0806,CVE-2004-0828,CVE-2004-2070,,,,,,,,,,,,,,,,,,,,,,,,,,,,,,,,,,,,,
272,,,,,,,,,,,,,,,,,,,,,,,,,,,,,,,,,,,,,,,,,,,,,,,,,,
273,CVE-2006-4447,CVE-2006-2916,,,,,,,,,,,,,,,,,,,,,,,,,,,,,,,,,,,,,,,,,,,,,,,,
274,CVE-2001-1564,CVE-2005-3286,CVE-2005-1641,,,,,,,,,,,,,,,,,,,,,,,,,,,,,,,,,,,,,,,,,,,,,,,
276,CVE-2005-1941,CVE-2002-1713,CVE-2001-1550,CVE-2002-1711,CVE-2002-1844,CVE-2001-0497,CVE-1999-0426,,,,,,,,,,,,,,,,,,,,,,,,,,,,,,,,,,,,,,,,,,,
277,CVE-2005-1841,CVE-2002-1786,,,,,,,,,,,,,,,,,,,,,,,,,,,,,,,,,,,,,,,,,,,,,,,,
278,CVE-2005-1724,,,,,,,,,,,,,,,,,,,,,,,,,,,,,,,,,,,,,,,,,,,,,,,,,
279,CVE-2002-0265,CVE-2003-0876,CVE-2002-1694,,,,,,,,,,,,,,,,,,,,,,,,,,,,,,,,,,,,,,,,,,,,,,,
28,CVE-2002-0661,CVE-2002-0946,CVE-2002-1042,CVE-2002-1209,CVE-2002-1178,,,,,,,,,,,,,,,,,,,,,,,,,,,,,,,,,,,,,,,,,,,,,
280,CVE-2003-0501,CVE-2004-0148,,,,,,,,,,,,,,,,,,,,,,,,,,,,,,,,,,,,,,,,,,,,,,,,
281,CVE-2002-2323,CVE-2001-1515,CVE-2005-1920,CVE-2001-0195,,,,,,,,,,,,,,,,,,,,,,,,,,,,,,,,,,,,,,,,,,,,,,
282,CVE-1999-1125,,,,,,,,,,,,,,,,,,,,,,,,,,,,,,,,,,,,,,,,,,,,,,,,,
283,CVE-2001-0178,CVE-2004-2012,,,,,,,,,,,,,,,,,,,,,,,,,,,,,,,,,,,,,,,,,,,,,,,,
284,CVE-2010-4624,,,,,,,,,,,,,,,,,,,,,,,,,,,,,,,,,,,,,,,,,,,,,,,,,
285,CVE-2009-3168,CVE-2009-2960,CVE-2009-3597,CVE-2009-2282,CVE-2009-3230,CVE-2009-2213,CVE-2009-0034,CVE-2008-6123,CVE-2008-5027,CVE-2008-7109,CVE-2008-3424,CVE-2009-3781,CVE-2008-4577,CVE-2008-6548,CVE-2007-2925,CVE-2006-6679,CVE-2005-3623,CVE-2005-2801,CVE-2001-1155,,,,,,,,,,,,,,,,,,,,,,,,,,,,,,,
286,,,,,,,,,,,,,,,,,,,,,,,,,,,,,,,,,,,,,,,,,,,,,,,,,,
287,CVE-2009-3421,CVE-2009-2382,CVE-2009-1048,CVE-2009-2213,CVE-2009-2168,CVE-2009-3107,CVE-2009-1596,CVE-2009-2422,CVE-2009-3232,CVE-2009-3231,CVE-2005-3435,CVE-2005-0408,,,,,,,,,,,,,,,,,,,,,,,,,,,,,,,,,,,,,,
288,CVE-2000-1179,CVE-1999-1454,CVE-1999-1077,CVE-2003-0304,CVE-2002-0870,CVE-2002-0066,CVE-2003-1035,,,,,,,,,,,,,,,,,,,,,,,,,,,,,,,,,,,,,,,,,,,
289,CVE-2003-0317,CVE-2004-0847,,,,,,,,,,,,,,,,,,,,,,,,,,,,,,,,,,,,,,,,,,,,,,,,
29,CVE-2002-1987,CVE-2005-2142,,,,,,,,,,,,,,,,,,,,,,,,,,,,,,,,,,,,,,,,,,,,,,,,
290,CVE-2009-1048,,,,,,,,,,,,,,,,,,,,,,,,,,,,,,,,,,,,,,,,,,,,,,,,,
291,,,,,,,,,,,,,,,,,,,,,,,,,,,,,,,,,,,,,,,,,,,,,,,,,,
293,,,,,,,,,,,,,,,,,,,,,,,,,,,,,,,,,,,,,,,,,,,,,,,,,,
294,CVE-2005-3435,CVE-2007-4961,,,,,,,,,,,,,,,,,,,,,,,,,,,,,,,,,,,,,,,,,,,,,,,,
295,CVE-2014-1266,CVE-2008-4989,CVE-2012-5821,CVE-2009-3046,CVE-2011-0199,CVE-2012-5810,CVE-2012-3446,CVE-2009-2408,CVE-2012-2993,CVE-2012-5822,CVE-2012-5819,CVE-2012-5817,CVE-2010-1378,CVE-2005-3170,CVE-2009-0265,CVE-2003-1229,CVE-2002-0862,CVE-2009-1358,,,,,,,,,,,,,,,,,,,,,,,,,,,,,,,,
296,CVE-2016-2402,CVE-2008-4989,CVE-2012-5821,CVE-2009-3046,CVE-2009-0265,CVE-2009-0124,CVE-2002-0970,CVE-2002-0862,,,,,,,,,,,,,,,,,,,,,,,,,,,,,,,,,,,,,,,,,,
297,CVE-2012-5810,CVE-2012-5811,CVE-2012-5807,CVE-2012-3446,CVE-2009-2408,CVE-2012-0867,CVE-2010-2074,CVE-2009-4565,CVE-2009-3767,CVE-2012-5806,CVE-2012-2993,CVE-2012-5804,CVE-2012-5824,CVE-2012-5822,CVE-2012-5819,CVE-2012-5817,CVE-2012-5784,CVE-2012-5782,CVE-2012-5780,CVE-2003-0355,,,,,,,,,,,,,,,,,,,,,,,,,,,,,,
298,,,,,,,,,,,,,,,,,,,,,,,,,,,,,,,,,,,,,,,,,,,,,,,,,,
299,CVE-2011-2014,CVE-2011-0199,CVE-2010-5185,CVE-2009-3046,CVE-2009-0161,CVE-2011-2701,CVE-2011-0935,CVE-2009-1358,CVE-2009-0642,CVE-2008-4679,CVE-2006-4410,CVE-2006-4409,,,,,,,,,,,,,,,,,,,,,,,,,,,,,,,,,,,,,,
30,CVE-2002-1987,,,,,,,,,,,,,,,,,,,,,,,,,,,,,,,,,,,,,,,,,,,,,,,,,
300,CVE-2014-1266,,,,,,,,,,,,,,,,,,,,,,,,,,,,,,,,,,,,,,,,,,,,,,,,,
301,CVE-2005-3435,,,,,,,,,,,,,,,,,,,,,,,,,,,,,,,,,,,,,,,,,,,,,,,,,
302,CVE-2002-0367,CVE-2004-0261,CVE-2002-1730,CVE-2002-1734,CVE-2002-2064,CVE-2002-2054,CVE-2004-1611,CVE-2005-1708,CVE-2005-1787,,,,,,,,,,,,,,,,,,,,,,,,,,,,,,,,,,,,,,,,,
303,CVE-2003-0750,,,,,,,,,,,,,,,,,,,,,,,,,,,,,,,,,,,,,,,,,,,,,,,,,
304,CVE-2004-2163,,,,,,,,,,,,,,,,,,,,,,,,,,,,,,,,,,,,,,,,,,,,,,,,,
305,CVE-2002-1374,CVE-2000-0979,CVE-2001-0088,,,,,,,,,,,,,,,,,,,,,,,,,,,,,,,,,,,,,,,,,,,,,,,
306,CVE-2002-1810,CVE-2008-6827,CVE-2004-0213,,,,,,,,,,,,,,,,,,,,,,,,,,,,,,,,,,,,,,,,,,,,,,,
307,CVE-1999-1152,CVE-2001-1291,CVE-2001-0395,CVE-2001-1339,CVE-2002-0628,CVE-1999-1324,,,,,,,,,,,,,,,,,,,,,,,,,,,,,,,,,,,,,,,,,,,,
308,,,,,,,,,,,,,,,,,,,,,,,,,,,,,,,,,,,,,,,,,,,,,,,,,,
309,,,,,,,,,,,,,,,,,,,,,,,,,,,,,,,,,,,,,,,,,,,,,,,,,,
31,CVE-2002-0160,,,,,,,,,,,,,,,,,,,,,,,,,,,,,,,,,,,,,,,,,,,,,,,,,
311,CVE-2009-2272,CVE-2009-1466,CVE-2009-0152,CVE-2009-1603,CVE-2009-0964,CVE-2008-6157,CVE-2008-6828,CVE-2008-1567,CVE-2008-0174,CVE-2007-5778,CVE-2002-1949,CVE-2008-4122,CVE-2008-3289,CVE-2008-4390,CVE-2007-5626,CVE-2004-1852,CVE-2008-0374,CVE-2007-4961,CVE-2007-4786,CVE-2005-3140,,,,,,,,,,,,,,,,,,,,,,,,,,,,,,
312,CVE-2009-2272,CVE-2009-1466,CVE-2009-0152,CVE-2009-1603,CVE-2009-0964,CVE-2008-6157,CVE-2008-6828,CVE-2008-1567,CVE-2008-0174,CVE-2007-5778,CVE-2001-1481,CVE-2005-1828,CVE-2005-2209,CVE-2002-1696,CVE-2004-2397,CVE-2002-1800,CVE-2001-1537,CVE-2001-1536,CVE-2005-2160,,,,,,,,,,,,,,,,,,,,,,,,,,,,,,,
313,CVE-2001-1481,CVE-2005-1828,CVE-2005-2209,CVE-2002-1696,CVE-2004-2397,,,,,,,,,,,,,,,,,,,,,,,,,,,,,,,,,,,,,,,,,,,,,
314,CVE-2005-2227,,,,,,,,,,,,,,,,,,,,,,,,,,,,,,,,,,,,,,,,,,,,,,,,,
315,CVE-2002-1800,CVE-2001-1537,CVE-2001-1536,CVE-2005-2160,,,,,,,,,,,,,,,,,,,,,,,,,,,,,,,,,,,,,,,,,,,,,,
316,CVE-2001-1517,CVE-2001-0984,CVE-2003-0291,,,,,,,,,,,,,,,,,,,,,,,,,,,,,,,,,,,,,,,,,,,,,,,
317,CVE-2002-1848,,,,,,,,,,,,,,,,,,,,,,,,,,,,,,,,,,,,,,,,,,,,,,,,,
318,CVE-2005-1794,CVE-2001-1527,,,,,,,,,,,,,,,,,,,,,,,,,,,,,,,,,,,,,,,,,,,,,,,,
319,CVE-2002-1949,CVE-2008-4122,CVE-2008-3289,CVE-2008-4390,CVE-2007-5626,CVE-2004-1852,CVE-2008-0374,CVE-2007-4961,CVE-2007-4786,CVE-2005-3140,,,,,,,,,,,,,,,,,,,,,,,,,,,,,,,,,,,,,,,,
32,CVE-2001-0467,CVE-2001-0615,CVE-2001-0963,CVE-2001-1193,CVE-2001-1131,CVE-2001-0480,CVE-2002-0288,CVE-2003-0313,CVE-2005-1658,,,,,,,,,,,,,,,,,,,,,,,,,,,,,,,,,,,,,,,,,
321,,,,,,,,,,,,,,,,,,,,,,,,,,,,,,,,,,,,,,,,,,,,,,,,,,
322,,,,,,,,,,,,,,,,,,,,,,,,,,,,,,,,,,,,,,,,,,,,,,,,,,
323,,,,,,,,,,,,,,,,,,,,,,,,,,,,,,,,,,,,,,,,,,,,,,,,,,
324,,,,,,,,,,,,,,,,,,,,,,,,,,,,,,,,,,,,,,,,,,,,,,,,,,
325,CVE-2001-1585,,,,,,,,,,,,,,,,,,,,,,,,,,,,,,,,,,,,,,,,,,,,,,,,,
326,CVE-2001-1546,CVE-2004-2172,CVE-2002-1682,CVE-2002-1697,CVE-2002-1739,CVE-2005-2281,CVE-2002-1872,CVE-2002-1910,CVE-2002-1946,CVE-2002-1975,,,,,,,,,,,,,,,,,,,,,,,,,,,,,,,,,,,,,,,,
327,CVE-2008-3775,CVE-2007-4150,CVE-2007-5460,CVE-2005-4860,CVE-2002-2058,CVE-2008-3188,CVE-2005-2946,CVE-2007-6013,,,,,,,,,,,,,,,,,,,,,,,,,,,,,,,,,,,,,,,,,,
328,CVE-2006-4068,,,,,,,,,,,,,,,,,,,,,,,,,,,,,,,,,,,,,,,,,,,,,,,,,
329,,,,,,,,,,,,,,,,,,,,,,,,,,,,,,,,,,,,,,,,,,,,,,,,,,
33,CVE-2000-0240,CVE-2000-0773,CVE-1999-1082,CVE-2004-2121,CVE-2001-0491,CVE-2001-0615,,,,,,,,,,,,,,,,,,,,,,,,,,,,,,,,,,,,,,,,,,,,
330,CVE-2009-3278,CVE-2009-3238,CVE-2009-2367,CVE-2009-2158,CVE-2009-0255,CVE-2008-5162,CVE-2008-4905,CVE-2008-4929,CVE-2008-3612,CVE-2008-2433,CVE-2008-0166,CVE-2008-2108,CVE-2008-2020,CVE-2008-0087,CVE-2008-0141,,,,,,,,,,,,,,,,,,,,,,,,,,,,,,,,,,,
331,CVE-2001-0950,,,,,,,,,,,,,,,,,,,,,,,,,,,,,,,,,,,,,,,,,,,,,,,,,
332,,,,,,,,,,,,,,,,,,,,,,,,,,,,,,,,,,,,,,,,,,,,,,,,,,
333,,,,,,,,,,,,,,,,,,,,,,,,,,,,,,,,,,,,,,,,,,,,,,,,,,
334,CVE-2002-0583,CVE-2002-0903,CVE-2003-1230,CVE-2004-0230,,,,,,,,,,,,,,,,,,,,,,,,,,,,,,,,,,,,,,,,,,,,,,
335,,,,,,,,,,,,,,,,,,,,,,,,,,,,,,,,,,,,,,,,,,,,,,,,,,
336,,,,,,,,,,,,,,,,,,,,,,,,,,,,,,,,,,,,,,,,,,,,,,,,,,
337,,,,,,,,,,,,,,,,,,,,,,,,,,,,,,,,,,,,,,,,,,,,,,,,,,
338,CVE-2009-3278,CVE-2009-3238,CVE-2009-2367,CVE-2008-0166,,,,,,,,,,,,,,,,,,,,,,,,,,,,,,,,,,,,,,,,,,,,,,
339,,,,,,,,,,,,,,,,,,,,,,,,,,,,,,,,,,,,,,,,,,,,,,,,,,
34,CVE-2004-1670,,,,,,,,,,,,,,,,,,,,,,,,,,,,,,,,,,,,,,,,,,,,,,,,,
340,,,,,,,,,,,,,,,,,,,,,,,,,,,,,,,,,,,,,,,,,,,,,,,,,,
341,CVE-2002-0389,CVE-2001-1141,CVE-2000-0335,CVE-2005-1636,,,,,,,,,,,,,,,,,,,,,,,,,,,,,,,,,,,,,,,,,,,,,,
342,CVE-2002-1463,CVE-1999-0074,CVE-1999-0077,CVE-2000-0335,,,,,,,,,,,,,,,,,,,,,,,,,,,,,,,,,,,,,,,,,,,,,,
343,,,,,,,,,,,,,,,,,,,,,,,,,,,,,,,,,,,,,,,,,,,,,,,,,,
344,CVE-2002-0980,,,,,,,,,,,,,,,,,,,,,,,,,,,,,,,,,,,,,,,,,,,,,,,,,
345,,,,,,,,,,,,,,,,,,,,,,,,,,,,,,,,,,,,,,,,,,,,,,,,,,
346,CVE-2000-1218,CVE-2005-0877,CVE-2001-1452,CVE-2005-2188,CVE-2003-0174,CVE-1999-1549,CVE-2003-0981,,,,,,,,,,,,,,,,,,,,,,,,,,,,,,,,,,,,,,,,,,,
347,CVE-2002-1796,CVE-2005-2181,CVE-2005-2182,CVE-2002-1706,,,,,,,,,,,,,,,,,,,,,,,,,,,,,,,,,,,,,,,,,,,,,,
348,CVE-2001-0860,CVE-2004-1950,CVE-2001-0908,CVE-2006-1126,,,,,,,,,,,,,,,,,,,,,,,,,,,,,,,,,,,,,,,,,,,,,,
349,CVE-2002-0018,,,,,,,,,,,,,,,,,,,,,,,,,,,,,,,,,,,,,,,,,,,,,,,,,
35,CVE-2005-2169,CVE-2005-0202,,,,,,,,,,,,,,,,,,,,,,,,,,,,,,,,,,,,,,,,,,,,,,,,
350,CVE-2001-1488,CVE-2001-1500,CVE-2000-1221,CVE-2002-0804,CVE-2001-1155,CVE-2004-0892,CVE-2003-0981,,,,,,,,,,,,,,,,,,,,,,,,,,,,,,,,,,,,,,,,,,,
351,CVE-2005-2260,CVE-2005-2801,,,,,,,,,,,,,,,,,,,,,,,,,,,,,,,,,,,,,,,,,,,,,,,,
352,CVE-2004-1703,CVE-2004-1995,CVE-2004-1967,CVE-2004-1842,CVE-2005-1947,CVE-2005-2059,CVE-2005-1674,CVE-2009-3520,CVE-2009-3022,CVE-2009-3759,,,,,,,,,,,,,,,,,,,,,,,,,,,,,,,,,,,,,,,,
353,,,,,,,,,,,,,,,,,,,,,,,,,,,,,,,,,,,,,,,,,,,,,,,,,,
354,,,,,,,,,,,,,,,,,,,,,,,,,,,,,,,,,,,,,,,,,,,,,,,,,,
356,CVE-1999-1055,CVE-1999-0794,CVE-2000-0277,CVE-2000-0517,CVE-2005-0602,CVE-2000-0342,,,,,,,,,,,,,,,,,,,,,,,,,,,,,,,,,,,,,,,,,,,,
357,CVE-2007-1099,,,,,,,,,,,,,,,,,,,,,,,,,,,,,,,,,,,,,,,,,,,,,,,,,
358,CVE-2002-0862,CVE-2002-0970,CVE-2002-1407,CVE-2005-0198,CVE-2004-2163,CVE-2005-2181,CVE-2005-2182,CVE-2005-2298,,,,,,,,,,,,,,,,,,,,,,,,,,,,,,,,,,,,,,,,,,
359,,,,,,,,,,,,,,,,,,,,,,,,,,,,,,,,,,,,,,,,,,,,,,,,,,
36,CVE-2002-1345,CVE-2001-1269,CVE-2002-1818,CVE-2002-1913,CVE-2005-2147,CVE-2000-0614,CVE-1999-1263,CVE-2003-0753,CVE-2002-1525,CVE-2001-0038,CVE-2001-0255,CVE-2001-0933,CVE-2002-0466,CVE-2002-1483,CVE-2004-2488,CVE-2001-0687,,,,,,,,,,,,,,,,,,,,,,,,,,,,,,,,,,
360,,,,,,,,,,,,,,,,,,,,,,,,,,,,,,,,,,,,,,,,,,,,,,,,,,
362,CVE-2008-5044,CVE-2008-2958,CVE-2008-1570,CVE-2008-0058,CVE-2008-0379,CVE-2007-6599,CVE-2007-6180,CVE-2007-5794,CVE-2007-3970,CVE-2008-5021,CVE-2009-4895,CVE-2009-3547,,,,,,,,,,,,,,,,,,,,,,,,,,,,,,,,,,,,,,
363,,,,,,,,,,,,,,,,,,,,,,,,,,,,,,,,,,,,,,,,,,,,,,,,,,
364,CVE-1999-0035,CVE-2001-0905,CVE-2001-1349,CVE-2004-0794,CVE-2004-2259,,,,,,,,,,,,,,,,,,,,,,,,,,,,,,,,,,,,,,,,,,,,,
365,,,,,,,,,,,,,,,,,,,,,,,,,,,,,,,,,,,,,,,,,,,,,,,,,,
366,,,,,,,,,,,,,,,,,,,,,,,,,,,,,,,,,,,,,,,,,,,,,,,,,,
367,CVE-2003-0813,CVE-2004-0594,CVE-2008-2958,CVE-2008-1570,,,,,,,,,,,,,,,,,,,,,,,,,,,,,,,,,,,,,,,,,,,,,,
368,CVE-2009-1837,CVE-2004-2260,CVE-2004-0191,CVE-2004-2491,,,,,,,,,,,,,,,,,,,,,,,,,,,,,,,,,,,,,,,,,,,,,,
369,CVE-2007-3268,CVE-2007-2723,CVE-2007-2237,,,,,,,,,,,,,,,,,,,,,,,,,,,,,,,,,,,,,,,,,,,,,,,
37,CVE-2002-1345,CVE-2001-1269,CVE-2002-1818,CVE-2002-1913,CVE-2005-2147,CVE-2000-0614,,,,,,,,,,,,,,,,,,,,,,,,,,,,,,,,,,,,,,,,,,,,
370,,,,,,,,,,,,,,,,,,,,,,,,,,,,,,,,,,,,,,,,,,,,,,,,,,
372,,,,,,,,,,,,,,,,,,,,,,,,,,,,,,,,,,,,,,,,,,,,,,,,,,
374,,,,,,,,,,,,,,,,,,,,,,,,,,,,,,,,,,,,,,,,,,,,,,,,,,
375,,,,,,,,,,,,,,,,,,,,,,,,,,,,,,,,,,,,,,,,,,,,,,,,,,
377,,,,,,,,,,,,,,,,,,,,,,,,,,,,,,,,,,,,,,,,,,,,,,,,,,
378,,,,,,,,,,,,,,,,,,,,,,,,,,,,,,,,,,,,,,,,,,,,,,,,,,
379,,,,,,,,,,,,,,,,,,,,,,,,,,,,,,,,,,,,,,,,,,,,,,,,,,
38,CVE-1999-1263,CVE-2003-0753,CVE-2002-1525,,,,,,,,,,,,,,,,,,,,,,,,,,,,,,,,,,,,,,,,,,,,,,,
382,,,,,,,,,,,,,,,,,,,,,,,,,,,,,,,,,,,,,,,,,,,,,,,,,,
383,,,,,,,,,,,,,,,,,,,,,,,,,,,,,,,,,,,,,,,,,,,,,,,,,,
384,,,,,,,,,,,,,,,,,,,,,,,,,,,,,,,,,,,,,,,,,,,,,,,,,,
385,,,,,,,,,,,,,,,,,,,,,,,,,,,,,,,,,,,,,,,,,,,,,,,,,,
386,,,,,,,,,,,,,,,,,,,,,,,,,,,,,,,,,,,,,,,,,,,,,,,,,,
39,CVE-2001-0038,CVE-2001-0255,CVE-2001-0687,CVE-2001-0933,CVE-2002-0466,CVE-2002-1483,CVE-2004-2488,,,,,,,,,,,,,,,,,,,,,,,,,,,,,,,,,,,,,,,,,,,
390,,,,,,,,,,,,,,,,,,,,,,,,,,,,,,,,,,,,,,,,,,,,,,,,,,
391,,,,,,,,,,,,,,,,,,,,,,,,,,,,,,,,,,,,,,,,,,,,,,,,,,
392,CVE-2004-0063,CVE-2002-1446,CVE-2002-0499,CVE-2005-2459,,,,,,,,,,,,,,,,,,,,,,,,,,,,,,,,,,,,,,,,,,,,,,
393,CVE-2003-1132,CVE-2001-1509,CVE-2001-1559,CVE-2014-1266,,,,,,,,,,,,,,,,,,,,,,,,,,,,,,,,,,,,,,,,,,,,,,
394,CVE-2004-1395,CVE-2002-2124,CVE-2005-2553,CVE-2005-1858,CVE-2000-0536,CVE-2001-0910,CVE-2004-2371,CVE-2005-1267,,,,,,,,,,,,,,,,,,,,,,,,,,,,,,,,,,,,,,,,,,
395,,,,,,,,,,,,,,,,,,,,,,,,,,,,,,,,,,,,,,,,,,,,,,,,,,
396,,,,,,,,,,,,,,,,,,,,,,,,,,,,,,,,,,,,,,,,,,,,,,,,,,
397,,,,,,,,,,,,,,,,,,,,,,,,,,,,,,,,,,,,,,,,,,,,,,,,,,
40,CVE-2001-0687,,,,,,,,,,,,,,,,,,,,,,,,,,,,,,,,,,,,,,,,,,,,,,,,,
400,CVE-2009-2874,CVE-2009-1928,CVE-2009-2858,CVE-2009-2726,CVE-2009-2540,CVE-2009-2299,CVE-2009-2054,CVE-2008-5180,CVE-2008-2121,CVE-2008-2122,CVE-2008-1700,CVE-2007-4103,CVE-2006-1173,CVE-2007-0897,,,,,,,,,,,,,,,,,,,,,,,,,,,,,,,,,,,,
401,CVE-2005-3119,CVE-2004-0427,CVE-2002-0574,CVE-2005-3181,CVE-2004-0222,CVE-2001-0136,,,,,,,,,,,,,,,,,,,,,,,,,,,,,,,,,,,,,,,,,,,,
402,,,,,,,,,,,,,,,,,,,,,,,,,,,,,,,,,,,,,,,,,,,,,,,,,,
403,CVE-2003-0740,CVE-2004-1033,CVE-2000-0094,CVE-2002-0638,CVE-2003-0489,CVE-2003-0937,CVE-2004-2215,CVE-2006-5397,,,,,,,,,,,,,,,,,,,,,,,,,,,,,,,,,,,,,,,,,,
404,CVE-1999-1127,CVE-2001-0830,CVE-2002-1372,,,,,,,,,,,,,,,,,,,,,,,,,,,,,,,,,,,,,,,,,,,,,,,
405,,,,,,,,,,,,,,,,,,,,,,,,,,,,,,,,,,,,,,,,,,,,,,,,,,
406,CVE-1999-0513,CVE-1999-1379,CVE-2000-0041,CVE-1999-1066,CVE-2013-5211,,,,,,,,,,,,,,,,,,,,,,,,,,,,,,,,,,,,,,,,,,,,,
407,CVE-2003-0244,CVE-2003-0364,CVE-2002-1203,CVE-2001-1501,CVE-2004-2527,CVE-2006-6931,CVE-2006-3380,CVE-2006-3379,CVE-2005-2506,CVE-2005-1792,,,,,,,,,,,,,,,,,,,,,,,,,,,,,,,,,,,,,,,,
408,CVE-2004-2458,,,,,,,,,,,,,,,,,,,,,,,,,,,,,,,,,,,,,,,,,,,,,,,,,
409,CVE-2009-1955,CVE-2003-1564,,,,,,,,,,,,,,,,,,,,,,,,,,,,,,,,,,,,,,,,,,,,,,,,
41,CVE-2000-1114,CVE-2002-1986,CVE-2004-2213,CVE-2005-3293,CVE-2004-0061,CVE-2000-1133,CVE-2001-1386,CVE-2001-0693,CVE-2001-0778,CVE-2001-1248,CVE-2004-0280,CVE-2005-0622,CVE-2005-1656,CVE-2002-1603,CVE-2001-0054,CVE-2002-1451,CVE-2000-0293,CVE-2001-1567,CVE-2002-0253,CVE-2001-0446,CVE-2004-0334,CVE-2001-0893,CVE-2001-0892,CVE-2004-1814,CVE-2002-1483,CVE-1999-1456,CVE-2004-0578,CVE-2002-0275,CVE-2004-1032,CVE-2002-1238,CVE-2004-1878,CVE-2005-1365,CVE-2000-1050,CVE-2001-1072,CVE-2004-0235,CVE-2002-1078,CVE-2004-0847,CVE-2000-0004,CVE-2002-0304,CVE-1999-1083,CVE-2004-0815,CVE-2002-0112,CVE-2004-0696,CVE-2002-0433,CVE-2001-1152,CVE-2000-0191,CVE-2005-1366,CVE-1999-0012,CVE-2001-0795,CVE-2005-0471
410,CVE-1999-1363,CVE-2001-1340,CVE-2002-0406,,,,,,,,,,,,,,,,,,,,,,,,,,,,,,,,,,,,,,,,,,,,,,,
412,CVE-2001-0682,CVE-2002-1914,CVE-2002-1915,CVE-2002-0051,CVE-2000-0338,CVE-2000-1198,CVE-2002-1869,,,,,,,,,,,,,,,,,,,,,,,,,,,,,,,,,,,,,,,,,,,
413,,,,,,,,,,,,,,,,,,,,,,,,,,,,,,,,,,,,,,,,,,,,,,,,,,
414,CVE-2004-1056,,,,,,,,,,,,,,,,,,,,,,,,,,,,,,,,,,,,,,,,,,,,,,,,,
415,CVE-2006-5051,CVE-2004-0642,CVE-2004-0772,CVE-2005-1689,CVE-2003-0545,CVE-2003-1048,CVE-2005-0891,CVE-2002-0059,,,,,,,,,,,,,,,,,,,,,,,,,,,,,,,,,,,,,,,,,,
416,CVE-2010-4168,CVE-2010-2941,CVE-2010-2547,CVE-2010-1772,CVE-2010-1437,CVE-2010-1208,CVE-2010-0629,CVE-2010-0378,CVE-2010-0302,CVE-2010-0249,CVE-2010-0050,CVE-2009-3658,CVE-2009-3616,CVE-2009-3553,CVE-2009-2416,CVE-2009-1837,CVE-2009-0749,CVE-2010-3328,CVE-2008-5038,CVE-2008-0077,CVE-2006-4434,CVE-2010-2753,CVE-2006-4997,,,,,,,,,,,,,,,,,,,,,,,,,,,
419,,,,,,,,,,,,,,,,,,,,,,,,,,,,,,,,,,,,,,,,,,,,,,,,,,
42,CVE-2000-1114,CVE-2002-1986,CVE-2004-2213,CVE-2005-3293,CVE-2004-0061,CVE-2000-1133,CVE-2001-1386,,,,,,,,,,,,,,,,,,,,,,,,,,,,,,,,,,,,,,,,,,,
420,CVE-2002-0567,CVE-2002-1578,CVE-2003-1035,CVE-2002-1863,CVE-2002-0066,CVE-2004-1461,,,,,,,,,,,,,,,,,,,,,,,,,,,,,,,,,,,,,,,,,,,,
421,CVE-1999-0351,CVE-2003-0230,,,,,,,,,,,,,,,,,,,,,,,,,,,,,,,,,,,,,,,,,,,,,,,,
422,CVE-2002-0971,CVE-2002-1230,CVE-2003-0350,CVE-2003-0908,CVE-2004-0213,CVE-2004-0207,,,,,,,,,,,,,,,,,,,,,,,,,,,,,,,,,,,,,,,,,,,,
424,,,,,,,,,,,,,,,,,,,,,,,,,,,,,,,,,,,,,,,,,,,,,,,,,,
425,CVE-2004-2144,CVE-2005-1892,CVE-2004-2257,CVE-2005-1688,CVE-2005-1697,CVE-2005-1698,CVE-2005-1685,CVE-2005-1827,CVE-2005-1654,CVE-2005-1668,CVE-2002-1798,,,,,,,,,,,,,,,,,,,,,,,,,,,,,,,,,,,,,,,
426,CVE-1999-1120,CVE-2008-1810,CVE-2007-2027,CVE-2008-3485,CVE-2008-2613,CVE-2008-1319,,,,,,,,,,,,,,,,,,,,,,,,,,,,,,,,,,,,,,,,,,,,
427,CVE-2010-3402,CVE-2010-3397,CVE-2010-3138,CVE-2010-3152,CVE-2010-3147,CVE-2010-3135,CVE-2010-3131,CVE-2010-1795,CVE-2002-1576,CVE-1999-1461,CVE-1999-1318,CVE-2003-0579,CVE-2000-0854,CVE-2001-0943,CVE-2001-0942,CVE-2001-0507,CVE-2002-2017,CVE-1999-0690,CVE-2001-0912,CVE-2001-0289,CVE-2005-1705,CVE-2005-1307,CVE-2002-2040,CVE-2005-2072,CVE-2005-1632,,,,,,,,,,,,,,,,,,,,,,,,,
428,CVE-2005-1185,CVE-2005-2938,CVE-2000-1128,,,,,,,,,,,,,,,,,,,,,,,,,,,,,,,,,,,,,,,,,,,,,,,
43,CVE-2004-0281,,,,,,,,,,,,,,,,,,,,,,,,,,,,,,,,,,,,,,,,,,,,,,,,,
430,CVE-2001-0004,CVE-2002-0025,CVE-2000-1052,CVE-2002-1742,,,,,,,,,,,,,,,,,,,,,,,,,,,,,,,,,,,,,,,,,,,,,,
431,,,,,,,,,,,,,,,,,,,,,,,,,,,,,,,,,,,,,,,,,,,,,,,,,,
432,,,,,,,,,,,,,,,,,,,,,,,,,,,,,,,,,,,,,,,,,,,,,,,,,,
433,CVE-2002-1886,CVE-2002-2065,CVE-2005-2029,CVE-2001-0330,CVE-2002-0614,CVE-2004-2353,CVE-2007-3365,,,,,,,,,,,,,,,,,,,,,,,,,,,,,,,,,,,,,,,,,,,
434,CVE-2001-0901,CVE-2002-1841,CVE-2005-1868,CVE-2005-1881,CVE-2005-0254,CVE-2004-2262,CVE-2006-4558,CVE-2006-6994,CVE-2005-3288,CVE-2006-2428,,,,,,,,,,,,,,,,,,,,,,,,,,,,,,,,,,,,,,,,
435,,,,,,,,,,,,,,,,,,,,,,,,,,,,,,,,,,,,,,,,,,,,,,,,,,
436,CVE-2005-1215,CVE-2002-0485,CVE-2002-1978,CVE-2002-1979,CVE-2002-0637,CVE-2002-1777,CVE-2005-3310,CVE-2005-4260,CVE-2005-4080,,,,,,,,,,,,,,,,,,,,,,,,,,,,,,,,,,,,,,,,,
437,,,,,,,,,,,,,,,,,,,,,,,,,,,,,,,,,,,,,,,,,,,,,,,,,,
439,CVE-2002-1976,CVE-2005-1711,CVE-2003-0411,,,,,,,,,,,,,,,,,,,,,,,,,,,,,,,,,,,,,,,,,,,,,,,
44,,,,,,,,,,,,,,,,,,,,,,,,,,,,,,,,,,,,,,,,,,,,,,,,,,
440,CVE-2003-0187,CVE-2003-0465,CVE-2005-3265,,,,,,,,,,,,,,,,,,,,,,,,,,,,,,,,,,,,,,,,,,,,,,,
441,CVE-1999-0017,CVE-1999-0168,CVE-2005-0315,CVE-2002-1484,CVE-2004-2061,CVE-2001-1484,CVE-2010-1637,CVE-2009-0037,,,,,,,,,,,,,,,,,,,,,,,,,,,,,,,,,,,,,,,,,,
444,CVE-2005-2088,CVE-2005-2089,CVE-2005-2090,CVE-2005-2091,CVE-2005-2092,CVE-2005-2093,CVE-2005-2094,,,,,,,,,,,,,,,,,,,,,,,,,,,,,,,,,,,,,,,,,,,
446,CVE-1999-1446,,,,,,,,,,,,,,,,,,,,,,,,,,,,,,,,,,,,,,,,,,,,,,,,,
447,CVE-2000-0127,CVE-2001-0863,CVE-2001-0865,CVE-2004-0979,,,,,,,,,,,,,,,,,,,,,,,,,,,,,,,,,,,,,,,,,,,,,,
448,,,,,,,,,,,,,,,,,,,,,,,,,,,,,,,,,,,,,,,,,,,,,,,,,,
449,CVE-2001-1387,CVE-2001-0081,CVE-2002-1977,,,,,,,,,,,,,,,,,,,,,,,,,,,,,,,,,,,,,,,,,,,,,,,
45,,,,,,,,,,,,,,,,,,,,,,,,,,,,,,,,,,,,,,,,,,,,,,,,,,
450,,,,,,,,,,,,,,,,,,,,,,,,,,,,,,,,,,,,,,,,,,,,,,,,,,
451,CVE-2004-2227,CVE-2001-0398,CVE-2001-0643,CVE-2005-0593,CVE-2004-1104,CVE-2005-0143,CVE-2005-0144,CVE-2004-0761,CVE-2004-2219,CVE-2004-0537,CVE-2005-2271,CVE-2005-2272,CVE-2005-2273,CVE-2005-2274,CVE-2001-1410,CVE-2002-0197,CVE-2005-0831,CVE-2003-1025,CVE-2005-0243,CVE-2005-1575,CVE-2004-2530,CVE-2005-0590,CVE-2004-1451,CVE-2004-2258,CVE-2005-1678,CVE-2002-0722,,,,,,,,,,,,,,,,,,,,,,,,
453,,,,,,,,,,,,,,,,,,,,,,,,,,,,,,,,,,,,,,,,,,,,,,,,,,
454,CVE-2000-0959,CVE-2001-0033,CVE-2001-0872,CVE-2001-0084,,,,,,,,,,,,,,,,,,,,,,,,,,,,,,,,,,,,,,,,,,,,,,
455,CVE-2005-1345,,,,,,,,,,,,,,,,,,,,,,,,,,,,,,,,,,,,,,,,,,,,,,,,,
456,CVE-2005-2978,CVE-2005-2109,CVE-2005-2193,,,,,,,,,,,,,,,,,,,,,,,,,,,,,,,,,,,,,,,,,,,,,,,
457,CVE-2008-0081,CVE-2007-4682,CVE-2007-3468,CVE-2007-2728,,,,,,,,,,,,,,,,,,,,,,,,,,,,,,,,,,,,,,,,,,,,,,
459,CVE-2000-0552,CVE-2005-2293,CVE-2002-0788,CVE-2002-2066,CVE-2002-2067,CVE-2002-2068,CVE-2002-2069,CVE-2002-2070,CVE-2005-1744,,,,,,,,,,,,,,,,,,,,,,,,,,,,,,,,,,,,,,,,,
46,CVE-2001-0693,CVE-2001-0778,CVE-2001-1248,CVE-2004-0280,CVE-2004-2213,CVE-2005-0622,CVE-2005-1656,CVE-2002-1603,CVE-2001-0054,CVE-2002-1451,,,,,,,,,,,,,,,,,,,,,,,,,,,,,,,,,,,,,,,,
460,,,,,,,,,,,,,,,,,,,,,,,,,,,,,,,,,,,,,,,,,,,,,,,,,,
462,,,,,,,,,,,,,,,,,,,,,,,,,,,,,,,,,,,,,,,,,,,,,,,,,,
463,,,,,,,,,,,,,,,,,,,,,,,,,,,,,,,,,,,,,,,,,,,,,,,,,,
464,,,,,,,,,,,,,,,,,,,,,,,,,,,,,,,,,,,,,,,,,,,,,,,,,,
466,,,,,,,,,,,,,,,,,,,,,,,,,,,,,,,,,,,,,,,,,,,,,,,,,,
467,,,,,,,,,,,,,,,,,,,,,,,,,,,,,,,,,,,,,,,,,,,,,,,,,,
468,,,,,,,,,,,,,,,,,,,,,,,,,,,,,,,,,,,,,,,,,,,,,,,,,,
469,,,,,,,,,,,,,,,,,,,,,,,,,,,,,,,,,,,,,,,,,,,,,,,,,,
47,,,,,,,,,,,,,,,,,,,,,,,,,,,,,,,,,,,,,,,,,,,,,,,,,,
470,CVE-2004-2331,,,,,,,,,,,,,,,,,,,,,,,,,,,,,,,,,,,,,,,,,,,,,,,,,
471,CVE-2002-1757,CVE-2005-1905,,,,,,,,,,,,,,,,,,,,,,,,,,,,,,,,,,,,,,,,,,,,,,,,
472,CVE-2002-0108,CVE-2000-0253,CVE-2000-0254,CVE-2000-0926,CVE-2000-0101,CVE-2000-0102,CVE-2000-0758,CVE-2002-1880,CVE-2000-1234,CVE-2005-1652,CVE-2005-1784,CVE-2005-2314,CVE-2005-1682,,,,,,,,,,,,,,,,,,,,,,,,,,,,,,,,,,,,,
473,CVE-2000-0860,CVE-2001-0854,CVE-2002-0764,CVE-2001-1025,CVE-2003-0754,,,,,,,,,,,,,,,,,,,,,,,,,,,,,,,,,,,,,,,,,,,,,
474,,,,,,,,,,,,,,,,,,,,,,,,,,,,,,,,,,,,,,,,,,,,,,,,,,
475,,,,,,,,,,,,,,,,,,,,,,,,,,,,,,,,,,,,,,,,,,,,,,,,,,
476,CVE-2005-3274,CVE-2002-1912,CVE-2005-0772,CVE-2009-4895,CVE-2009-3547,CVE-2009-3620,CVE-2009-2698,CVE-2009-2692,CVE-2009-0949,CVE-2008-3597,CVE-2008-5183,CVE-2004-0079,CVE-2004-0365,CVE-2003-1013,CVE-2003-1000,CVE-2004-0389,CVE-2004-0119,CVE-2004-0458,CVE-2002-0401,,,,,,,,,,,,,,,,,,,,,,,,,,,,,,,
477,,,,,,,,,,,,,,,,,,,,,,,,,,,,,,,,,,,,,,,,,,,,,,,,,,
478,,,,,,,,,,,,,,,,,,,,,,,,,,,,,,,,,,,,,,,,,,,,,,,,,,
479,CVE-2005-0893,CVE-2004-2259,,,,,,,,,,,,,,,,,,,,,,,,,,,,,,,,,,,,,,,,,,,,,,,,
48,CVE-2000-0293,CVE-2001-1567,,,,,,,,,,,,,,,,,,,,,,,,,,,,,,,,,,,,,,,,,,,,,,,,
480,,,,,,,,,,,,,,,,,,,,,,,,,,,,,,,,,,,,,,,,,,,,,,,,,,
481,,,,,,,,,,,,,,,,,,,,,,,,,,,,,,,,,,,,,,,,,,,,,,,,,,
482,,,,,,,,,,,,,,,,,,,,,,,,,,,,,,,,,,,,,,,,,,,,,,,,,,
483,CVE-2014-1266,,,,,,,,,,,,,,,,,,,,,,,,,,,,,,,,,,,,,,,,,,,,,,,,,
484,,,,,,,,,,,,,,,,,,,,,,,,,,,,,,,,,,,,,,,,,,,,,,,,,,
486,,,,,,,,,,,,,,,,,,,,,,,,,,,,,,,,,,,,,,,,,,,,,,,,,,
487,,,,,,,,,,,,,,,,,,,,,,,,,,,,,,,,,,,,,,,,,,,,,,,,,,
488,,,,,,,,,,,,,,,,,,,,,,,,,,,,,,,,,,,,,,,,,,,,,,,,,,
489,,,,,,,,,,,,,,,,,,,,,,,,,,,,,,,,,,,,,,,,,,,,,,,,,,
49,CVE-2002-0253,CVE-2001-0446,CVE-2004-0334,CVE-2001-0893,CVE-2001-0892,CVE-2004-1814,,,,,,,,,,,,,,,,,,,,,,,,,,,,,,,,,,,,,,,,,,,,
491,,,,,,,,,,,,,,,,,,,,,,,,,,,,,,,,,,,,,,,,,,,,,,,,,,
492,,,,,,,,,,,,,,,,,,,,,,,,,,,,,,,,,,,,,,,,,,,,,,,,,,
493,,,,,,,,,,,,,,,,,,,,,,,,,,,,,,,,,,,,,,,,,,,,,,,,,,
494,CVE-2008-3438,CVE-2008-3324,CVE-2001-1125,CVE-2002-0671,,,,,,,,,,,,,,,,,,,,,,,,,,,,,,,,,,,,,,,,,,,,,,
495,,,,,,,,,,,,,,,,,,,,,,,,,,,,,,,,,,,,,,,,,,,,,,,,,,
496,,,,,,,,,,,,,,,,,,,,,,,,,,,,,,,,,,,,,,,,,,,,,,,,,,
497,,,,,,,,,,,,,,,,,,,,,,,,,,,,,,,,,,,,,,,,,,,,,,,,,,
498,,,,,,,,,,,,,,,,,,,,,,,,,,,,,,,,,,,,,,,,,,,,,,,,,,
499,,,,,,,,,,,,,,,,,,,,,,,,,,,,,,,,,,,,,,,,,,,,,,,,,,
5,,,,,,,,,,,,,,,,,,,,,,,,,,,,,,,,,,,,,,,,,,,,,,,,,,
50,CVE-2002-1483,CVE-1999-1456,CVE-2004-0578,CVE-2002-0275,CVE-2004-1032,CVE-2002-1238,CVE-2004-1878,CVE-2005-1365,CVE-2000-1050,CVE-2001-1072,CVE-2004-0235,,,,,,,,,,,,,,,,,,,,,,,,,,,,,,,,,,,,,,,
500,,,,,,,,,,,,,,,,,,,,,,,,,,,,,,,,,,,,,,,,,,,,,,,,,,
501,,,,,,,,,,,,,,,,,,,,,,,,,,,,,,,,,,,,,,,,,,,,,,,,,,
502,CVE-2015-8103,CVE-2015-4852,CVE-2013-1465,CVE-2012-3527,CVE-2012-0911,CVE-2012-0911,CVE-2011-2520,CVE-2012-4406,CVE-2003-0791,,,,,,,,,,,,,,,,,,,,,,,,,,,,,,,,,,,,,,,,,
506,,,,,,,,,,,,,,,,,,,,,,,,,,,,,,,,,,,,,,,,,,,,,,,,,,
507,,,,,,,,,,,,,,,,,,,,,,,,,,,,,,,,,,,,,,,,,,,,,,,,,,
508,,,,,,,,,,,,,,,,,,,,,,,,,,,,,,,,,,,,,,,,,,,,,,,,,,
509,,,,,,,,,,,,,,,,,,,,,,,,,,,,,,,,,,,,,,,,,,,,,,,,,,
51,CVE-2002-1483,,,,,,,,,,,,,,,,,,,,,,,,,,,,,,,,,,,,,,,,,,,,,,,,,
510,,,,,,,,,,,,,,,,,,,,,,,,,,,,,,,,,,,,,,,,,,,,,,,,,,
511,,,,,,,,,,,,,,,,,,,,,,,,,,,,,,,,,,,,,,,,,,,,,,,,,,
512,,,,,,,,,,,,,,,,,,,,,,,,,,,,,,,,,,,,,,,,,,,,,,,,,,
514,,,,,,,,,,,,,,,,,,,,,,,,,,,,,,,,,,,,,,,,,,,,,,,,,,
515,,,,,,,,,,,,,,,,,,,,,,,,,,,,,,,,,,,,,,,,,,,,,,,,,,
52,CVE-2002-1078,,,,,,,,,,,,,,,,,,,,,,,,,,,,,,,,,,,,,,,,,,,,,,,,,
520,,,,,,,,,,,,,,,,,,,,,,,,,,,,,,,,,,,,,,,,,,,,,,,,,,
521,,,,,,,,,,,,,,,,,,,,,,,,,,,,,,,,,,,,,,,,,,,,,,,,,,
522,CVE-2007-0681,CVE-2000-0944,CVE-2005-3435,CVE-2005-0408,,,,,,,,,,,,,,,,,,,,,,,,,,,,,,,,,,,,,,,,,,,,,,
523,,,,,,,,,,,,,,,,,,,,,,,,,,,,,,,,,,,,,,,,,,,,,,,,,,
524,,,,,,,,,,,,,,,,,,,,,,,,,,,,,,,,,,,,,,,,,,,,,,,,,,
525,,,,,,,,,,,,,,,,,,,,,,,,,,,,,,,,,,,,,,,,,,,,,,,,,,
526,,,,,,,,,,,,,,,,,,,,,,,,,,,,,,,,,,,,,,,,,,,,,,,,,,
527,,,,,,,,,,,,,,,,,,,,,,,,,,,,,,,,,,,,,,,,,,,,,,,,,,
528,,,,,,,,,,,,,,,,,,,,,,,,,,,,,,,,,,,,,,,,,,,,,,,,,,
529,,,,,,,,,,,,,,,,,,,,,,,,,,,,,,,,,,,,,,,,,,,,,,,,,,
53,,,,,,,,,,,,,,,,,,,,,,,,,,,,,,,,,,,,,,,,,,,,,,,,,,
530,,,,,,,,,,,,,,,,,,,,,,,,,,,,,,,,,,,,,,,,,,,,,,,,,,
531,,,,,,,,,,,,,,,,,,,,,,,,,,,,,,,,,,,,,,,,,,,,,,,,,,
532,,,,,,,,,,,,,,,,,,,,,,,,,,,,,,,,,,,,,,,,,,,,,,,,,,
535,,,,,,,,,,,,,,,,,,,,,,,,,,,,,,,,,,,,,,,,,,,,,,,,,,
536,,,,,,,,,,,,,,,,,,,,,,,,,,,,,,,,,,,,,,,,,,,,,,,,,,
537,,,,,,,,,,,,,,,,,,,,,,,,,,,,,,,,,,,,,,,,,,,,,,,,,,
538,,,,,,,,,,,,,,,,,,,,,,,,,,,,,,,,,,,,,,,,,,,,,,,,,,
539,,,,,,,,,,,,,,,,,,,,,,,,,,,,,,,,,,,,,,,,,,,,,,,,,,
54,CVE-2004-0847,,,,,,,,,,,,,,,,,,,,,,,,,,,,,,,,,,,,,,,,,,,,,,,,,
540,,,,,,,,,,,,,,,,,,,,,,,,,,,,,,,,,,,,,,,,,,,,,,,,,,
541,,,,,,,,,,,,,,,,,,,,,,,,,,,,,,,,,,,,,,,,,,,,,,,,,,
543,,,,,,,,,,,,,,,,,,,,,,,,,,,,,,,,,,,,,,,,,,,,,,,,,,
544,,,,,,,,,,,,,,,,,,,,,,,,,,,,,,,,,,,,,,,,,,,,,,,,,,
546,,,,,,,,,,,,,,,,,,,,,,,,,,,,,,,,,,,,,,,,,,,,,,,,,,
547,,,,,,,,,,,,,,,,,,,,,,,,,,,,,,,,,,,,,,,,,,,,,,,,,,
548,,,,,,,,,,,,,,,,,,,,,,,,,,,,,,,,,,,,,,,,,,,,,,,,,,
549,,,,,,,,,,,,,,,,,,,,,,,,,,,,,,,,,,,,,,,,,,,,,,,,,,
55,CVE-2000-0004,CVE-2002-0304,CVE-1999-1083,CVE-2004-0815,CVE-2002-0112,,,,,,,,,,,,,,,,,,,,,,,,,,,,,,,,,,,,,,,,,,,,,
550,,,,,,,,,,,,,,,,,,,,,,,,,,,,,,,,,,,,,,,,,,,,,,,,,,
551,,,,,,,,,,,,,,,,,,,,,,,,,,,,,,,,,,,,,,,,,,,,,,,,,,
552,,,,,,,,,,,,,,,,,,,,,,,,,,,,,,,,,,,,,,,,,,,,,,,,,,
553,,,,,,,,,,,,,,,,,,,,,,,,,,,,,,,,,,,,,,,,,,,,,,,,,,
554,,,,,,,,,,,,,,,,,,,,,,,,,,,,,,,,,,,,,,,,,,,,,,,,,,
555,,,,,,,,,,,,,,,,,,,,,,,,,,,,,,,,,,,,,,,,,,,,,,,,,,
556,,,,,,,,,,,,,,,,,,,,,,,,,,,,,,,,,,,,,,,,,,,,,,,,,,
558,,,,,,,,,,,,,,,,,,,,,,,,,,,,,,,,,,,,,,,,,,,,,,,,,,
56,CVE-2004-0696,CVE-2002-0433,,,,,,,,,,,,,,,,,,,,,,,,,,,,,,,,,,,,,,,,,,,,,,,,
560,,,,,,,,,,,,,,,,,,,,,,,,,,,,,,,,,,,,,,,,,,,,,,,,,,
561,CVE-2014-1266,,,,,,,,,,,,,,,,,,,,,,,,,,,,,,,,,,,,,,,,,,,,,,,,,
562,,,,,,,,,,,,,,,,,,,,,,,,,,,,,,,,,,,,,,,,,,,,,,,,,,
563,,,,,,,,,,,,,,,,,,,,,,,,,,,,,,,,,,,,,,,,,,,,,,,,,,
564,,,,,,,,,,,,,,,,,,,,,,,,,,,,,,,,,,,,,,,,,,,,,,,,,,
565,,,,,,,,,,,,,,,,,,,,,,,,,,,,,,,,,,,,,,,,,,,,,,,,,,
566,,,,,,,,,,,,,,,,,,,,,,,,,,,,,,,,,,,,,,,,,,,,,,,,,,
567,,,,,,,,,,,,,,,,,,,,,,,,,,,,,,,,,,,,,,,,,,,,,,,,,,
568,,,,,,,,,,,,,,,,,,,,,,,,,,,,,,,,,,,,,,,,,,,,,,,,,,
57,CVE-2001-1152,CVE-2000-0191,CVE-2005-1366,,,,,,,,,,,,,,,,,,,,,,,,,,,,,,,,,,,,,,,,,,,,,,,
570,,,,,,,,,,,,,,,,,,,,,,,,,,,,,,,,,,,,,,,,,,,,,,,,,,
571,,,,,,,,,,,,,,,,,,,,,,,,,,,,,,,,,,,,,,,,,,,,,,,,,,
572,,,,,,,,,,,,,,,,,,,,,,,,,,,,,,,,,,,,,,,,,,,,,,,,,,
573,CVE-2006-7140,CVE-2006-4339,,,,,,,,,,,,,,,,,,,,,,,,,,,,,,,,,,,,,,,,,,,,,,,,
574,,,,,,,,,,,,,,,,,,,,,,,,,,,,,,,,,,,,,,,,,,,,,,,,,,
575,,,,,,,,,,,,,,,,,,,,,,,,,,,,,,,,,,,,,,,,,,,,,,,,,,
576,,,,,,,,,,,,,,,,,,,,,,,,,,,,,,,,,,,,,,,,,,,,,,,,,,
577,,,,,,,,,,,,,,,,,,,,,,,,,,,,,,,,,,,,,,,,,,,,,,,,,,
578,,,,,,,,,,,,,,,,,,,,,,,,,,,,,,,,,,,,,,,,,,,,,,,,,,
579,,,,,,,,,,,,,,,,,,,,,,,,,,,,,,,,,,,,,,,,,,,,,,,,,,
58,CVE-1999-0012,CVE-2001-0795,CVE-2005-0471,,,,,,,,,,,,,,,,,,,,,,,,,,,,,,,,,,,,,,,,,,,,,,,
580,,,,,,,,,,,,,,,,,,,,,,,,,,,,,,,,,,,,,,,,,,,,,,,,,,
581,,,,,,,,,,,,,,,,,,,,,,,,,,,,,,,,,,,,,,,,,,,,,,,,,,
582,,,,,,,,,,,,,,,,,,,,,,,,,,,,,,,,,,,,,,,,,,,,,,,,,,
583,,,,,,,,,,,,,,,,,,,,,,,,,,,,,,,,,,,,,,,,,,,,,,,,,,
584,,,,,,,,,,,,,,,,,,,,,,,,,,,,,,,,,,,,,,,,,,,,,,,,,,
585,,,,,,,,,,,,,,,,,,,,,,,,,,,,,,,,,,,,,,,,,,,,,,,,,,
586,,,,,,,,,,,,,,,,,,,,,,,,,,,,,,,,,,,,,,,,,,,,,,,,,,
587,,,,,,,,,,,,,,,,,,,,,,,,,,,,,,,,,,,,,,,,,,,,,,,,,,
588,,,,,,,,,,,,,,,,,,,,,,,,,,,,,,,,,,,,,,,,,,,,,,,,,,
589,,,,,,,,,,,,,,,,,,,,,,,,,,,,,,,,,,,,,,,,,,,,,,,,,,
59,CVE-1999-1386,CVE-2000-1178,CVE-2004-0217,CVE-2003-0517,CVE-2004-0689,CVE-2005-1879,CVE-2005-1880,CVE-2005-1916,CVE-2000-0972,CVE-2005-0824,CVE-2001-1494,CVE-2002-0793,CVE-2003-0578,CVE-1999-0783,CVE-2004-1603,CVE-2004-1901,CVE-2005-1111,CVE-2000-0342,CVE-2001-1042,CVE-2001-1043,CVE-2005-0587,CVE-2001-1386,CVE-2003-1233,CVE-2002-0725,CVE-2003-0844,,,,,,,,,,,,,,,,,,,,,,,,,
590,,,,,,,,,,,,,,,,,,,,,,,,,,,,,,,,,,,,,,,,,,,,,,,,,,
591,,,,,,,,,,,,,,,,,,,,,,,,,,,,,,,,,,,,,,,,,,,,,,,,,,
593,,,,,,,,,,,,,,,,,,,,,,,,,,,,,,,,,,,,,,,,,,,,,,,,,,
594,,,,,,,,,,,,,,,,,,,,,,,,,,,,,,,,,,,,,,,,,,,,,,,,,,
595,,,,,,,,,,,,,,,,,,,,,,,,,,,,,,,,,,,,,,,,,,,,,,,,,,
597,,,,,,,,,,,,,,,,,,,,,,,,,,,,,,,,,,,,,,,,,,,,,,,,,,
598,,,,,,,,,,,,,,,,,,,,,,,,,,,,,,,,,,,,,,,,,,,,,,,,,,
599,,,,,,,,,,,,,,,,,,,,,,,,,,,,,,,,,,,,,,,,,,,,,,,,,,
6,,,,,,,,,,,,,,,,,,,,,,,,,,,,,,,,,,,,,,,,,,,,,,,,,,
600,,,,,,,,,,,,,,,,,,,,,,,,,,,,,,,,,,,,,,,,,,,,,,,,,,
601,CVE-2005-4206,CVE-2008-2951,CVE-2008-2052,,,,,,,,,,,,,,,,,,,,,,,,,,,,,,,,,,,,,,,,,,,,,,,
602,CVE-2006-6994,CVE-2007-0163,CVE-2007-0164,CVE-2007-0100,,,,,,,,,,,,,,,,,,,,,,,,,,,,,,,,,,,,,,,,,,,,,,
603,CVE-2006-0230,,,,,,,,,,,,,,,,,,,,,,,,,,,,,,,,,,,,,,,,,,,,,,,,,
605,,,,,,,,,,,,,,,,,,,,,,,,,,,,,,,,,,,,,,,,,,,,,,,,,,
606,,,,,,,,,,,,,,,,,,,,,,,,,,,,,,,,,,,,,,,,,,,,,,,,,,
607,,,,,,,,,,,,,,,,,,,,,,,,,,,,,,,,,,,,,,,,,,,,,,,,,,
608,,,,,,,,,,,,,,,,,,,,,,,,,,,,,,,,,,,,,,,,,,,,,,,,,,
609,,,,,,,,,,,,,,,,,,,,,,,,,,,,,,,,,,,,,,,,,,,,,,,,,,
61,CVE-1999-1386,CVE-2000-1178,CVE-2004-0217,CVE-2003-0517,CVE-2004-0689,CVE-2005-1879,CVE-2005-1880,CVE-2005-1916,CVE-2000-0972,CVE-2005-0824,,,,,,,,,,,,,,,,,,,,,,,,,,,,,,,,,,,,,,,,
610,,,,,,,,,,,,,,,,,,,,,,,,,,,,,,,,,,,,,,,,,,,,,,,,,,
611,CVE-2005-1306,CVE-2012-5656,CVE-2012-2239,CVE-2012-3489,CVE-2012-4399,CVE-2012-3363,CVE-2012-0037,CVE-2011-4107,CVE-2010-3322,CVE-2009-1699,,,,,,,,,,,,,,,,,,,,,,,,,,,,,,,,,,,,,,,,
612,,,,,,,,,,,,,,,,,,,,,,,,,,,,,,,,,,,,,,,,,,,,,,,,,,
613,,,,,,,,,,,,,,,,,,,,,,,,,,,,,,,,,,,,,,,,,,,,,,,,,,
614,CVE-2004-0462,CVE-2008-3663,CVE-2008-3662,CVE-2008-0128,,,,,,,,,,,,,,,,,,,,,,,,,,,,,,,,,,,,,,,,,,,,,,
615,CVE-2007-6197,CVE-2007-4072,CVE-2009-2431,,,,,,,,,,,,,,,,,,,,,,,,,,,,,,,,,,,,,,,,,,,,,,,
616,CVE-2002-1460,CVE-2002-1759,CVE-2002-1710,,,,,,,,,,,,,,,,,,,,,,,,,,,,,,,,,,,,,,,,,,,,,,,
617,CVE-2006-6767,CVE-2006-6811,CVE-2006-5779,CVE-2006-4095,CVE-2006-4574,,,,,,,,,,,,,,,,,,,,,,,,,,,,,,,,,,,,,,,,,,,,,
618,CVE-2007-1120,CVE-2006-6838,CVE-2007-0321,,,,,,,,,,,,,,,,,,,,,,,,,,,,,,,,,,,,,,,,,,,,,,,
619,,,,,,,,,,,,,,,,,,,,,,,,,,,,,,,,,,,,,,,,,,,,,,,,,,
62,CVE-2001-1494,CVE-2002-0793,CVE-2003-0578,CVE-1999-0783,CVE-2004-1603,CVE-2004-1901,CVE-2005-0342,CVE-2005-1111,,,,,,,,,,,,,,,,,,,,,,,,,,,,,,,,,,,,,,,,,,
620,CVE-2007-0681,CVE-2000-0944,,,,,,,,,,,,,,,,,,,,,,,,,,,,,,,,,,,,,,,,,,,,,,,,
621,CVE-2006-7135,CVE-2006-7079,CVE-2007-0649,CVE-2006-6661,CVE-2006-2828,,,,,,,,,,,,,,,,,,,,,,,,,,,,,,,,,,,,,,,,,,,,,
622,CVE-2007-0708,CVE-2006-7160,CVE-2007-1376,CVE-2007-1220,CVE-2006-4541,,,,,,,,,,,,,,,,,,,,,,,,,,,,,,,,,,,,,,,,,,,,,
623,CVE-2007-0617,CVE-2007-0219,CVE-2006-6510,,,,,,,,,,,,,,,,,,,,,,,,,,,,,,,,,,,,,,,,,,,,,,,
624,CVE-2006-2059,CVE-2005-3420,CVE-2006-2878,CVE-2006-2908,,,,,,,,,,,,,,,,,,,,,,,,,,,,,,,,,,,,,,,,,,,,,,
625,CVE-2006-1895,CVE-2002-2175,CVE-2006-4527,CVE-2005-1949,CVE-2002-2109,CVE-2006-6511,CVE-2006-6629,,,,,,,,,,,,,,,,,,,,,,,,,,,,,,,,,,,,,,,,,,,
626,CVE-2005-4155,CVE-2005-3153,,,,,,,,,,,,,,,,,,,,,,,,,,,,,,,,,,,,,,,,,,,,,,,,
627,CVE-2009-0422,CVE-2007-2431,CVE-2006-4904,CVE-2006-4019,,,,,,,,,,,,,,,,,,,,,,,,,,,,,,,,,,,,,,,,,,,,,,
628,CVE-2006-7049,,,,,,,,,,,,,,,,,,,,,,,,,,,,,,,,,,,,,,,,,,,,,,,,,
636,CVE-2007-5277,CVE-2006-4407,,,,,,,,,,,,,,,,,,,,,,,,,,,,,,,,,,,,,,,,,,,,,,,,
637,CVE-2007-6067,CVE-2007-1552,CVE-2007-6479,CVE-2005-2148,,,,,,,,,,,,,,,,,,,,,,,,,,,,,,,,,,,,,,,,,,,,,,
638,CVE-2007-0408,,,,,,,,,,,,,,,,,,,,,,,,,,,,,,,,,,,,,,,,,,,,,,,,,
639,,,,,,,,,,,,,,,,,,,,,,,,,,,,,,,,,,,,,,,,,,,,,,,,,,
64,CVE-2000-0342,CVE-2001-1042,CVE-2001-1043,CVE-2005-0587,CVE-2001-1386,CVE-2003-1233,,,,,,,,,,,,,,,,,,,,,,,,,,,,,,,,,,,,,,,,,,,,
640,,,,,,,,,,,,,,,,,,,,,,,,,,,,,,,,,,,,,,,,,,,,,,,,,,
641,,,,,,,,,,,,,,,,,,,,,,,,,,,,,,,,,,,,,,,,,,,,,,,,,,
642,CVE-2005-2428,CVE-2008-0306,CVE-1999-0073,CVE-2007-4432,CVE-2006-7191,CVE-2008-5738,CVE-2008-5642,CVE-2008-5125,CVE-2008-5065,CVE-2008-4752,CVE-2000-0102,CVE-2000-0253,CVE-2008-1319,,,,,,,,,,,,,,,,,,,,,,,,,,,,,,,,,,,,,
643,,,,,,,,,,,,,,,,,,,,,,,,,,,,,,,,,,,,,,,,,,,,,,,,,,
644,CVE-2006-3918,,,,,,,,,,,,,,,,,,,,,,,,,,,,,,,,,,,,,,,,,,,,,,,,,
645,,,,,,,,,,,,,,,,,,,,,,,,,,,,,,,,,,,,,,,,,,,,,,,,,,
646,,,,,,,,,,,,,,,,,,,,,,,,,,,,,,,,,,,,,,,,,,,,,,,,,,
647,,,,,,,,,,,,,,,,,,,,,,,,,,,,,,,,,,,,,,,,,,,,,,,,,,
648,CVE-2003-0645,,,,,,,,,,,,,,,,,,,,,,,,,,,,,,,,,,,,,,,,,,,,,,,,,
649,CVE-2005-0039,,,,,,,,,,,,,,,,,,,,,,,,,,,,,,,,,,,,,,,,,,,,,,,,,
65,CVE-2002-0725,CVE-2003-0844,,,,,,,,,,,,,,,,,,,,,,,,,,,,,,,,,,,,,,,,,,,,,,,,
650,,,,,,,,,,,,,,,,,,,,,,,,,,,,,,,,,,,,,,,,,,,,,,,,,,
651,,,,,,,,,,,,,,,,,,,,,,,,,,,,,,,,,,,,,,,,,,,,,,,,,,
652,,,,,,,,,,,,,,,,,,,,,,,,,,,,,,,,,,,,,,,,,,,,,,,,,,
653,,,,,,,,,,,,,,,,,,,,,,,,,,,,,,,,,,,,,,,,,,,,,,,,,,
654,,,,,,,,,,,,,,,,,,,,,,,,,,,,,,,,,,,,,,,,,,,,,,,,,,
655,,,,,,,,,,,,,,,,,,,,,,,,,,,,,,,,,,,,,,,,,,,,,,,,,,
656,CVE-2006-6588,CVE-2006-7142,CVE-2005-4002,CVE-2006-4068,,,,,,,,,,,,,,,,,,,,,,,,,,,,,,,,,,,,,,,,,,,,,,
657,,,,,,,,,,,,,,,,,,,,,,,,,,,,,,,,,,,,,,,,,,,,,,,,,,
66,,,,,,,,,,,,,,,,,,,,,,,,,,,,,,,,,,,,,,,,,,,,,,,,,,
662,,,,,,,,,,,,,,,,,,,,,,,,,,,,,,,,,,,,,,,,,,,,,,,,,,
663,CVE-2001-1349,CVE-2004-2259,,,,,,,,,,,,,,,,,,,,,,,,,,,,,,,,,,,,,,,,,,,,,,,,
664,,,,,,,,,,,,,,,,,,,,,,,,,,,,,,,,,,,,,,,,,,,,,,,,,,
665,CVE-2001-1471,CVE-2008-3637,CVE-2008-4197,CVE-2008-2934,CVE-2007-3749,CVE-2008-0063,CVE-2008-0062,CVE-2008-0081,CVE-2008-3688,CVE-2008-3475,CVE-2008-5021,CVE-2005-1036,CVE-2008-3597,CVE-2009-2692,CVE-2009-0949,CVE-2009-3620,,,,,,,,,,,,,,,,,,,,,,,,,,,,,,,,,,
666,,,,,,,,,,,,,,,,,,,,,,,,,,,,,,,,,,,,,,,,,,,,,,,,,,
667,CVE-2009-0935,CVE-2010-4210,CVE-2008-4302,CVE-2009-1243,CVE-2009-2857,CVE-2009-1961,CVE-2009-2699,CVE-2009-4272,CVE-2002-1850,CVE-2004-0174,CVE-2009-1388,CVE-2006-5158,CVE-2006-4342,CVE-2006-2374,CVE-2006-2275,CVE-2005-3847,CVE-2005-3106,CVE-2005-2456,CVE-2001-0682,CVE-2002-1914,CVE-2002-1915,CVE-2002-0051,CVE-2000-0338,CVE-2000-1198,CVE-2002-1869,,,,,,,,,,,,,,,,,,,,,,,,,
668,,,,,,,,,,,,,,,,,,,,,,,,,,,,,,,,,,,,,,,,,,,,,,,,,,
669,,,,,,,,,,,,,,,,,,,,,,,,,,,,,,,,,,,,,,,,,,,,,,,,,,
67,CVE-2002-0106,CVE-2002-0200,CVE-2002-1052,CVE-2001-0493,CVE-2001-0558,CVE-2000-0168,CVE-2001-0492,CVE-2004-0552,CVE-2005-2195,,,,,,,,,,,,,,,,,,,,,,,,,,,,,,,,,,,,,,,,,
670,,,,,,,,,,,,,,,,,,,,,,,,,,,,,,,,,,,,,,,,,,,,,,,,,,
671,,,,,,,,,,,,,,,,,,,,,,,,,,,,,,,,,,,,,,,,,,,,,,,,,,
672,CVE-2009-3547,,,,,,,,,,,,,,,,,,,,,,,,,,,,,,,,,,,,,,,,,,,,,,,,,
673,,,,,,,,,,,,,,,,,,,,,,,,,,,,,,,,,,,,,,,,,,,,,,,,,,
674,CVE-2007-1285,CVE-2007-3409,,,,,,,,,,,,,,,,,,,,,,,,,,,,,,,,,,,,,,,,,,,,,,,,
675,,,,,,,,,,,,,,,,,,,,,,,,,,,,,,,,,,,,,,,,,,,,,,,,,,
676,CVE-2007-1470,CVE-2009-3849,CVE-2006-2114,CVE-2006-0963,CVE-2011-0712,CVE-2008-5005,,,,,,,,,,,,,,,,,,,,,,,,,,,,,,,,,,,,,,,,,,,,
680,,,,,,,,,,,,,,,,,,,,,,,,,,,,,,,,,,,,,,,,,,,,,,,,,,
681,CVE-2007-4268,CVE-2007-4988,CVE-2009-0231,CVE-2008-3282,,,,,,,,,,,,,,,,,,,,,,,,,,,,,,,,,,,,,,,,,,,,,,
682,,,,,,,,,,,,,,,,,,,,,,,,,,,,,,,,,,,,,,,,,,,,,,,,,,
683,CVE-2006-7049,,,,,,,,,,,,,,,,,,,,,,,,,,,,,,,,,,,,,,,,,,,,,,,,,
684,,,,,,,,,,,,,,,,,,,,,,,,,,,,,,,,,,,,,,,,,,,,,,,,,,
685,,,,,,,,,,,,,,,,,,,,,,,,,,,,,,,,,,,,,,,,,,,,,,,,,,
686,,,,,,,,,,,,,,,,,,,,,,,,,,,,,,,,,,,,,,,,,,,,,,,,,,
687,,,,,,,,,,,,,,,,,,,,,,,,,,,,,,,,,,,,,,,,,,,,,,,,,,
688,CVE-2005-2548,,,,,,,,,,,,,,,,,,,,,,,,,,,,,,,,,,,,,,,,,,,,,,,,,
689,CVE-2002-0760,CVE-2005-2174,CVE-2006-5214,CVE-2005-2475,CVE-2003-0265,,,,,,,,,,,,,,,,,,,,,,,,,,,,,,,,,,,,,,,,,,,,,
69,CVE-1999-0278,CVE-2000-0927,,,,,,,,,,,,,,,,,,,,,,,,,,,,,,,,,,,,,,,,,,,,,,,,
690,CVE-2008-1052,CVE-2006-6227,CVE-2006-2555,CVE-2003-1054,CVE-2008-5183,,,,,,,,,,,,,,,,,,,,,,,,,,,,,,,,,,,,,,,,,,,,,
691,,,,,,,,,,,,,,,,,,,,,,,,,,,,,,,,,,,,,,,,,,,,,,,,,,
692,CVE-2007-5727,CVE-2006-3617,CVE-2006-4308,,,,,,,,,,,,,,,,,,,,,,,,,,,,,,,,,,,,,,,,,,,,,,,
693,,,,,,,,,,,,,,,,,,,,,,,,,,,,,,,,,,,,,,,,,,,,,,,,,,
694,CVE-2013-4787,,,,,,,,,,,,,,,,,,,,,,,,,,,,,,,,,,,,,,,,,,,,,,,,,
695,,,,,,,,,,,,,,,,,,,,,,,,,,,,,,,,,,,,,,,,,,,,,,,,,,
696,CVE-2017-6964,CVE-2007-5191,CVE-2007-1588,,,,,,,,,,,,,,,,,,,,,,,,,,,,,,,,,,,,,,,,,,,,,,,
697,CVE-2016-10003,,,,,,,,,,,,,,,,,,,,,,,,,,,,,,,,,,,,,,,,,,,,,,,,,
698,CVE-2013-1402,CVE-2009-1936,CVE-2007-2713,CVE-2007-4932,CVE-2007-5578,CVE-2007-2713,CVE-2007-6652,,,,,,,,,,,,,,,,,,,,,,,,,,,,,,,,,,,,,,,,,,,
7,,,,,,,,,,,,,,,,,,,,,,,,,,,,,,,,,,,,,,,,,,,,,,,,,,
703,,,,,,,,,,,,,,,,,,,,,,,,,,,,,,,,,,,,,,,,,,,,,,,,,,
704,,,,,,,,,,,,,,,,,,,,,,,,,,,,,,,,,,,,,,,,,,,,,,,,,,
705,CVE-2014-1266,,,,,,,,,,,,,,,,,,,,,,,,,,,,,,,,,,,,,,,,,,,,,,,,,
706,,,,,,,,,,,,,,,,,,,,,,,,,,,,,,,,,,,,,,,,,,,,,,,,,,
707,,,,,,,,,,,,,,,,,,,,,,,,,,,,,,,,,,,,,,,,,,,,,,,,,,
708,CVE-2007-5101,CVE-2007-4238,CVE-2007-1716,CVE-2005-3148,CVE-2005-1064,CVE-2011-1551,,,,,,,,,,,,,,,,,,,,,,,,,,,,,,,,,,,,,,,,,,,,
710,,,,,,,,,,,,,,,,,,,,,,,,,,,,,,,,,,,,,,,,,,,,,,,,,,
72,CVE-2004-1084,,,,,,,,,,,,,,,,,,,,,,,,,,,,,,,,,,,,,,,,,,,,,,,,,
73,CVE-2008-5748,CVE-2008-5764,,,,,,,,,,,,,,,,,,,,,,,,,,,,,,,,,,,,,,,,,,,,,,,,
732,CVE-2009-3482,CVE-2009-3897,CVE-2009-3489,CVE-2009-3289,CVE-2009-0115,CVE-2009-1073,CVE-2009-0141,CVE-2008-0662,CVE-2008-0322,CVE-2009-3939,CVE-2009-3611,CVE-2007-6033,CVE-2007-5544,CVE-2005-4868,CVE-2004-1714,CVE-2001-0006,CVE-2002-0969,,,,,,,,,,,,,,,,,,,,,,,,,,,,,,,,,
733,CVE-2008-1685,,,,,,,,,,,,,,,,,,,,,,,,,,,,,,,,,,,,,,,,,,,,,,,,,
74,,,,,,,,,,,,,,,,,,,,,,,,,,,,,,,,,,,,,,,,,,,,,,,,,,
749,CVE-2007-6382,CVE-2007-1112,,,,,,,,,,,,,,,,,,,,,,,,,,,,,,,,,,,,,,,,,,,,,,,,
75,,,,,,,,,,,,,,,,,,,,,,,,,,,,,,,,,,,,,,,,,,,,,,,,,,
754,CVE-2007-3798,CVE-2006-4447,CVE-2006-2916,,,,,,,,,,,,,,,,,,,,,,,,,,,,,,,,,,,,,,,,,,,,,,,
755,CVE-2008-4302,,,,,,,,,,,,,,,,,,,,,,,,,,,,,,,,,,,,,,,,,,,,,,,,,
756,,,,,,,,,,,,,,,,,,,,,,,,,,,,,,,,,,,,,,,,,,,,,,,,,,
757,CVE-2006-4302,CVE-2006-4407,CVE-2005-2969,CVE-2001-1444,CVE-2002-1646,,,,,,,,,,,,,,,,,,,,,,,,,,,,,,,,,,,,,,,,,,,,,
758,CVE-2006-1902,,,,,,,,,,,,,,,,,,,,,,,,,,,,,,,,,,,,,,,,,,,,,,,,,
759,CVE-2008-1526,CVE-2006-1058,,,,,,,,,,,,,,,,,,,,,,,,,,,,,,,,,,,,,,,,,,,,,,,,
76,,,,,,,,,,,,,,,,,,,,,,,,,,,,,,,,,,,,,,,,,,,,,,,,,,
760,CVE-2008-4905,CVE-2002-1657,CVE-2001-0967,CVE-2005-0408,,,,,,,,,,,,,,,,,,,,,,,,,,,,,,,,,,,,,,,,,,,,,,
761,,,,,,,,,,,,,,,,,,,,,,,,,,,,,,,,,,,,,,,,,,,,,,,,,,
762,,,,,,,,,,,,,,,,,,,,,,,,,,,,,,,,,,,,,,,,,,,,,,,,,,
763,,,,,,,,,,,,,,,,,,,,,,,,,,,,,,,,,,,,,,,,,,,,,,,,,,
764,,,,,,,,,,,,,,,,,,,,,,,,,,,,,,,,,,,,,,,,,,,,,,,,,,
765,CVE-2009-0935,,,,,,,,,,,,,,,,,,,,,,,,,,,,,,,,,,,,,,,,,,,,,,,,,
766,CVE-2010-3860,,,,,,,,,,,,,,,,,,,,,,,,,,,,,,,,,,,,,,,,,,,,,,,,,
767,,,,,,,,,,,,,,,,,,,,,,,,,,,,,,,,,,,,,,,,,,,,,,,,,,
768,,,,,,,,,,,,,,,,,,,,,,,,,,,,,,,,,,,,,,,,,,,,,,,,,,
769,,,,,,,,,,,,,,,,,,,,,,,,,,,,,,,,,,,,,,,,,,,,,,,,,,
77,,,,,,,,,,,,,,,,,,,,,,,,,,,,,,,,,,,,,,,,,,,,,,,,,,
770,CVE-2009-4017,CVE-2009-2726,CVE-2009-2540,CVE-2009-2054,CVE-2008-5180,CVE-2008-1700,CVE-2005-4650,,,,,,,,,,,,,,,,,,,,,,,,,,,,,,,,,,,,,,,,,,,
771,,,,,,,,,,,,,,,,,,,,,,,,,,,,,,,,,,,,,,,,,,,,,,,,,,
772,CVE-2007-0897,CVE-2001-0830,CVE-1999-1127,CVE-2009-2858,CVE-2009-2054,CVE-2008-2122,CVE-2007-4103,CVE-2002-1372,,,,,,,,,,,,,,,,,,,,,,,,,,,,,,,,,,,,,,,,,,
773,,,,,,,,,,,,,,,,,,,,,,,,,,,,,,,,,,,,,,,,,,,,,,,,,,
774,,,,,,,,,,,,,,,,,,,,,,,,,,,,,,,,,,,,,,,,,,,,,,,,,,
775,CVE-2007-0897,,,,,,,,,,,,,,,,,,,,,,,,,,,,,,,,,,,,,,,,,,,,,,,,,
776,CVE-2008-3281,CVE-2011-3288,CVE-2011-1755,CVE-2009-1955,CVE-2003-1564,,,,,,,,,,,,,,,,,,,,,,,,,,,,,,,,,,,,,,,,,,,,,
777,,,,,,,,,,,,,,,,,,,,,,,,,,,,,,,,,,,,,,,,,,,,,,,,,,
778,CVE-2008-4315,CVE-2008-1203,CVE-2007-3730,CVE-2007-1225,CVE-2003-1566,,,,,,,,,,,,,,,,,,,,,,,,,,,,,,,,,,,,,,,,,,,,,
779,CVE-2007-0421,CVE-2002-1154,,,,,,,,,,,,,,,,,,,,,,,,,,,,,,,,,,,,,,,,,,,,,,,,
78,CVE-1999-0067,CVE-2001-1246,CVE-2002-0061,CVE-2003-0041,CVE-2008-2575,CVE-2002-1898,CVE-2008-4304,CVE-2008-4796,CVE-2007-3572,CVE-2012-1988,,,,,,,,,,,,,,,,,,,,,,,,,,,,,,,,,,,,,,,,
780,,,,,,,,,,,,,,,,,,,,,,,,,,,,,,,,,,,,,,,,,,,,,,,,,,
781,CVE-2006-2373,CVE-2009-0686,CVE-2009-0824,CVE-2008-5724,CVE-2007-5756,,,,,,,,,,,,,,,,,,,,,,,,,,,,,,,,,,,,,,,,,,,,,
782,CVE-2009-2208,CVE-2008-3831,CVE-2008-3525,CVE-2008-0322,CVE-2007-4277,CVE-2007-1400,CVE-2006-4926,CVE-1999-0728,,,,,,,,,,,,,,,,,,,,,,,,,,,,,,,,,,,,,,,,,,
783,CVE-2008-2516,CVE-2008-0599,CVE-2001-1155,,,,,,,,,,,,,,,,,,,,,,,,,,,,,,,,,,,,,,,,,,,,,,,
784,CVE-2009-1549,CVE-2009-1619,CVE-2009-0864,CVE-2008-5784,CVE-2008-6291,,,,,,,,,,,,,,,,,,,,,,,,,,,,,,,,,,,,,,,,,,,,,
785,,,,,,,,,,,,,,,,,,,,,,,,,,,,,,,,,,,,,,,,,,,,,,,,,,
786,CVE-2002-2227,CVE-2007-4580,CVE-2007-1584,CVE-2007-0886,CVE-2006-6171,CVE-2006-4024,CVE-2004-2620,,,,,,,,,,,,,,,,,,,,,,,,,,,,,,,,,,,,,,,,,,,
787,,,,,,,,,,,,,,,,,,,,,,,,,,,,,,,,,,,,,,,,,,,,,,,,,,
788,CVE-2009-2550,CVE-2009-2403,CVE-2009-0689,CVE-2009-0558,CVE-2008-4113,CVE-2007-4268,,,,,,,,,,,,,,,,,,,,,,,,,,,,,,,,,,,,,,,,,,,,
789,CVE-2008-1708,CVE-2008-0977,CVE-2006-3791,CVE-2004-2589,,,,,,,,,,,,,,,,,,,,,,,,,,,,,,,,,,,,,,,,,,,,,,
79,CVE-2014-8958,CVE-2017-9764,CVE-2014-5198,CVE-2008-5080,CVE-2006-4308,CVE-2007-5727,CVE-2008-5770,CVE-2008-4730,CVE-2008-5734,CVE-2008-0971,CVE-2008-5249,CVE-2006-3568,CVE-2006-3211,CVE-2006-3295,,,,,,,,,,,,,,,,,,,,,,,,,,,,,,,,,,,,
790,,,,,,,,,,,,,,,,,,,,,,,,,,,,,,,,,,,,,,,,,,,,,,,,,,
791,,,,,,,,,,,,,,,,,,,,,,,,,,,,,,,,,,,,,,,,,,,,,,,,,,
792,,,,,,,,,,,,,,,,,,,,,,,,,,,,,,,,,,,,,,,,,,,,,,,,,,
793,,,,,,,,,,,,,,,,,,,,,,,,,,,,,,,,,,,,,,,,,,,,,,,,,,
794,,,,,,,,,,,,,,,,,,,,,,,,,,,,,,,,,,,,,,,,,,,,,,,,,,
795,,,,,,,,,,,,,,,,,,,,,,,,,,,,,,,,,,,,,,,,,,,,,,,,,,
796,,,,,,,,,,,,,,,,,,,,,,,,,,,,,,,,,,,,,,,,,,,,,,,,,,
797,,,,,,,,,,,,,,,,,,,,,,,,,,,,,,,,,,,,,,,,,,,,,,,,,,
798,CVE-2010-2772,CVE-2010-2073,CVE-2010-1573,CVE-2008-2369,CVE-2008-0961,CVE-2008-1160,CVE-2006-7142,CVE-2005-3716,CVE-2005-3803,CVE-2005-0496,,,,,,,,,,,,,,,,,,,,,,,,,,,,,,,,,,,,,,,,
799,CVE-2002-1876,,,,,,,,,,,,,,,,,,,,,,,,,,,,,,,,,,,,,,,,,,,,,,,,,
8,,,,,,,,,,,,,,,,,,,,,,,,,,,,,,,,,,,,,,,,,,,,,,,,,,
80,CVE-2002-0938,CVE-2002-1495,CVE-2003-1136,CVE-2004-2171,,,,,,,,,,,,,,,,,,,,,,,,,,,,,,,,,,,,,,,,,,,,,,
804,,,,,,,,,,,,,,,,,,,,,,,,,,,,,,,,,,,,,,,,,,,,,,,,,,
805,CVE-2011-1959,CVE-2011-1848,CVE-2011-0105,CVE-2011-0606,CVE-2011-0651,CVE-2010-4156,,,,,,,,,,,,,,,,,,,,,,,,,,,,,,,,,,,,,,,,,,,,
806,,,,,,,,,,,,,,,,,,,,,,,,,,,,,,,,,,,,,,,,,,,,,,,,,,
807,CVE-2009-1549,CVE-2009-1619,CVE-2009-0864,CVE-2008-5784,CVE-2008-6291,,,,,,,,,,,,,,,,,,,,,,,,,,,,,,,,,,,,,,,,,,,,,
81,CVE-2002-0840,CVE-2002-1053,CVE-2002-1700,,,,,,,,,,,,,,,,,,,,,,,,,,,,,,,,,,,,,,,,,,,,,,,
82,CVE-2006-3211,CVE-2002-1649,CVE-2002-1803,CVE-2002-1804,CVE-2002-1805,CVE-2002-1806,CVE-2002-1807,CVE-2002-1808,,,,,,,,,,,,,,,,,,,,,,,,,,,,,,,,,,,,,,,,,,
820,,,,,,,,,,,,,,,,,,,,,,,,,,,,,,,,,,,,,,,,,,,,,,,,,,
821,,,,,,,,,,,,,,,,,,,,,,,,,,,,,,,,,,,,,,,,,,,,,,,,,,
822,CVE-2007-5655,CVE-2010-2299,CVE-2009-1719,CVE-2009-1250,CVE-2009-0311,CVE-2010-1818,CVE-2010-3189,CVE-2010-1253,,,,,,,,,,,,,,,,,,,,,,,,,,,,,,,,,,,,,,,,,,
823,CVE-2010-2160,CVE-2010-1281,CVE-2009-3129,CVE-2009-2694,CVE-2009-2687,CVE-2009-0690,CVE-2008-4114,CVE-2010-2873,CVE-2010-2866,CVE-2010-2872,CVE-2007-5657,CVE-2010-2867,CVE-2009-1097,CVE-2008-1807,CVE-2007-2500,CVE-2008-1686,CVE-2010-2878,,,,,,,,,,,,,,,,,,,,,,,,,,,,,,,,,
824,CVE-2010-0211,CVE-2009-2768,CVE-2009-1721,CVE-2009-1415,CVE-2009-0846,CVE-2009-0040,CVE-2008-2934,CVE-2007-4682,CVE-2007-4639,CVE-2007-4000,CVE-2007-2442,CVE-2007-1213,CVE-2006-6143,CVE-2006-4175,CVE-2006-0054,CVE-2003-1201,,,,,,,,,,,,,,,,,,,,,,,,,,,,,,,,,,
825,CVE-2008-5013,CVE-2010-3257,CVE-2007-1211,,,,,,,,,,,,,,,,,,,,,,,,,,,,,,,,,,,,,,,,,,,,,,,
826,CVE-2009-3547,,,,,,,,,,,,,,,,,,,,,,,,,,,,,,,,,,,,,,,,,,,,,,,,,
827,CVE-2010-2076,,,,,,,,,,,,,,,,,,,,,,,,,,,,,,,,,,,,,,,,,,,,,,,,,
828,CVE-2008-4109,CVE-2006-5051,CVE-2001-1349,CVE-2004-0794,CVE-2004-2259,CVE-2002-1563,,,,,,,,,,,,,,,,,,,,,,,,,,,,,,,,,,,,,,,,,,,,
829,CVE-2010-2076,CVE-2004-0285,CVE-2004-0030,CVE-2004-0068,CVE-2005-2157,CVE-2005-2162,CVE-2005-2198,CVE-2004-0128,CVE-2005-1864,CVE-2005-1869,CVE-2005-1870,CVE-2005-2154,CVE-2002-1704,CVE-2002-1707,CVE-2005-1964,CVE-2005-1681,CVE-2005-2086,CVE-2004-0127,CVE-2005-1971,CVE-2005-3335,,,,,,,,,,,,,,,,,,,,,,,,,,,,,,
83,CVE-2001-0520,CVE-2002-1493,CVE-2002-1965,CVE-2002-1495,CVE-2002-1681,CVE-2004-1935,CVE-2005-0945,CVE-2003-1136,,,,,,,,,,,,,,,,,,,,,,,,,,,,,,,,,,,,,,,,,,
830,,,,,,,,,,,,,,,,,,,,,,,,,,,,,,,,,,,,,,,,,,,,,,,,,,
831,,,,,,,,,,,,,,,,,,,,,,,,,,,,,,,,,,,,,,,,,,,,,,,,,,
832,CVE-2010-4210,CVE-2008-4302,CVE-2009-1243,,,,,,,,,,,,,,,,,,,,,,,,,,,,,,,,,,,,,,,,,,,,,,,
833,CVE-2009-2857,CVE-2009-1961,CVE-2009-2699,CVE-2009-4272,CVE-2002-1850,CVE-2004-0174,CVE-2009-1388,CVE-2006-5158,CVE-2006-4342,CVE-2006-2374,CVE-2006-2275,CVE-2005-3847,CVE-2005-3106,CVE-2005-2456,,,,,,,,,,,,,,,,,,,,,,,,,,,,,,,,,,,,
834,,,,,,,,,,,,,,,,,,,,,,,,,,,,,,,,,,,,,,,,,,,,,,,,,,
835,CVE-2011-1027,CVE-2011-1142,CVE-2011-1002,CVE-2010-4476,CVE-2010-4645,CVE-2010-2534,,,,,,,,,,,,,,,,,,,,,,,,,,,,,,,,,,,,,,,,,,,,
836,CVE-2009-1283,CVE-2005-3435,,,,,,,,,,,,,,,,,,,,,,,,,,,,,,,,,,,,,,,,,,,,,,,,
837,CVE-2008-0294,CVE-2005-4051,CVE-2002-216,CVE-2003-1433,CVE-2002-1018,CVE-2009-2346,,,,,,,,,,,,,,,,,,,,,,,,,,,,,,,,,,,,,,,,,,,,
838,CVE-2009-2814,,,,,,,,,,,,,,,,,,,,,,,,,,,,,,,,,,,,,,,,,,,,,,,,,
839,CVE-2010-1866,CVE-2009-1099,CVE-2011-0521,CVE-2010-3704,CVE-2010-2530,CVE-2009-3080,CVE-2008-6393,CVE-2008-4558,,,,,,,,,,,,,,,,,,,,,,,,,,,,,,,,,,,,,,,,,,
84,CVE-2005-0563,CVE-2005-2276,CVE-2005-0692,CVE-2002-0117,CVE-2002-0118,,,,,,,,,,,,,,,,,,,,,,,,,,,,,,,,,,,,,,,,,,,,,
841,CVE-2011-0348,CVE-2007-3012,CVE-2009-5056,CVE-2004-2164,CVE-2003-0777,CVE-2005-3327,CVE-2004-0829,CVE-2010-2620,CVE-2005-3296,,,,,,,,,,,,,,,,,,,,,,,,,,,,,,,,,,,,,,,,,
842,CVE-1999-1193,CVE-2010-3716,CVE-2008-5397,CVE-2007-6644,CVE-2007-3260,CVE-2002-0080,,,,,,,,,,,,,,,,,,,,,,,,,,,,,,,,,,,,,,,,,,,,
843,CVE-2010-4577,CVE-2011-0611,CVE-2010-0258,,,,,,,,,,,,,,,,,,,,,,,,,,,,,,,,,,,,,,,,,,,,,,,
85,CVE-2002-2086,CVE-2000-0116,CVE-2001-1157,,,,,,,,,,,,,,,,,,,,,,,,,,,,,,,,,,,,,,,,,,,,,,,
86,CVE-2004-0595,,,,,,,,,,,,,,,,,,,,,,,,,,,,,,,,,,,,,,,,,,,,,,,,,
862,CVE-2009-3168,CVE-2009-3597,CVE-2009-2282,CVE-2008-5027,CVE-2009-3781,CVE-2008-6548,CVE-2009-2960,CVE-2009-3230,CVE-2009-2213,CVE-2009-0034,CVE-2008-6123,CVE-2008-7109,CVE-2008-3424,CVE-2008-4577,CVE-2007-2925,CVE-2006-6679,CVE-2005-3623,CVE-2005-2801,CVE-2001-1155,,,,,,,,,,,,,,,,,,,,,,,,,,,,,,,
863,CVE-2009-2213,CVE-2009-0034,CVE-2008-6123,CVE-2008-7109,CVE-2008-3424,CVE-2008-4577,CVE-2006-6679,CVE-2005-2801,CVE-2001-1155,,,,,,,,,,,,,,,,,,,,,,,,,,,,,,,,,,,,,,,,,
87,CVE-2002-0738,,,,,,,,,,,,,,,,,,,,,,,,,,,,,,,,,,,,,,,,,,,,,,,,,
88,CVE-1999-0113,CVE-2001-0150,CVE-2001-0667,CVE-2002-0985,CVE-2003-0907,CVE-2004-0121,CVE-2004-0473,CVE-2004-0480,CVE-2004-0489,CVE-2004-0411,CVE-2005-4699,CVE-2006-1865,CVE-2006-2056,CVE-2006-2057,CVE-2006-2058,CVE-2006-2312,CVE-2006-3015,CVE-2006-4692,CVE-2006-6597,CVE-2007-0882,CVE-2001-1246,,,,,,,,,,,,,,,,,,,,,,,,,,,,,
89,CVE-2004-0366,CVE-2008-2790,CVE-2008-2223,CVE-2007-6602,CVE-2008-5817,CVE-2003-0377,CVE-2008-2380,CVE-2017-11508,,,,,,,,,,,,,,,,,,,,,,,,,,,,,,,,,,,,,,,,,,
9,,,,,,,,,,,,,,,,,,,,,,,,,,,,,,,,,,,,,,,,,,,,,,,,,,
90,CVE-2005-2301,,,,,,,,,,,,,,,,,,,,,,,,,,,,,,,,,,,,,,,,,,,,,,,,,
908,CVE-2008-4197,CVE-2008-2934,CVE-2008-0063,CVE-2008-0062,CVE-2008-0081,CVE-2008-3688,CVE-2008-3475,CVE-2005-1036,CVE-2008-3597,CVE-2009-2692,CVE-2009-0949,CVE-2009-3620,,,,,,,,,,,,,,,,,,,,,,,,,,,,,,,,,,,,,,
909,,,,,,,,,,,,,,,,,,,,,,,,,,,,,,,,,,,,,,,,,,,,,,,,,,
91,,,,,,,,,,,,,,,,,,,,,,,,,,,,,,,,,,,,,,,,,,,,,,,,,,
910,,,,,,,,,,,,,,,,,,,,,,,,,,,,,,,,,,,,,,,,,,,,,,,,,,
911,CVE-2002-0574,CVE-2004-0114,CVE-2006-3741,CVE-2007-1383,CVE-2007-1700,CVE-2008-2136,CVE-2008-2785,CVE-2008-5410,CVE-2009-1709,CVE-2009-3553,CVE-2009-3624,CVE-2010-0176,CVE-2010-0623,CVE-2010-2549,CVE-2010-4593,CVE-2011-0695,CVE-2012-4787,,,,,,,,,,,,,,,,,,,,,,,,,,,,,,,,,
912,,,,,,,,,,,,,,,,,,,,,,,,,,,,,,,,,,,,,,,,,,,,,,,,,,
913,,,,,,,,,,,,,,,,,,,,,,,,,,,,,,,,,,,,,,,,,,,,,,,,,,
914,CVE-2006-7135,CVE-2006-7079,CVE-2007-0649,CVE-2006-6661,CVE-2006-2828,CVE-2009-0422,CVE-2007-2431,CVE-2006-4904,CVE-2006-4019,,,,,,,,,,,,,,,,,,,,,,,,,,,,,,,,,,,,,,,,,
915,CVE-2012-2054,CVE-2012-2055,CVE-2008-7310,CVE-2013-1465,CVE-2012-3527,CVE-2012-0911,CVE-2012-0911,CVE-2011-4962,CVE-2009-4137,CVE-2007-5741,CVE-2011-2520,CVE-2005-2875,CVE-2013-0277,CVE-2011-2894,CVE-2012-1833,CVE-2010-3258,CVE-2008-1013,,,,,,,,,,,,,,,,,,,,,,,,,,,,,,,,,
916,CVE-2008-1526,CVE-2006-1058,CVE-2008-4905,CVE-2002-1657,CVE-2001-0967,CVE-2005-0408,,,,,,,,,,,,,,,,,,,,,,,,,,,,,,,,,,,,,,,,,,,,
917,,,,,,,,,,,,,,,,,,,,,,,,,,,,,,,,,,,,,,,,,,,,,,,,,,
918,CVE-2002-1484,CVE-2004-2061,CVE-2010-1637,CVE-2009-0037,,,,,,,,,,,,,,,,,,,,,,,,,,,,,,,,,,,,,,,,,,,,,,
920,,,,,,,,,,,,,,,,,,,,,,,,,,,,,,,,,,,,,,,,,,,,,,,,,,
921,,,,,,,,,,,,,,,,,,,,,,,,,,,,,,,,,,,,,,,,,,,,,,,,,,
922,,,,,,,,,,,,,,,,,,,,,,,,,,,,,,,,,,,,,,,,,,,,,,,,,,
923,,,,,,,,,,,,,,,,,,,,,,,,,,,,,,,,,,,,,,,,,,,,,,,,,,
924,,,,,,,,,,,,,,,,,,,,,,,,,,,,,,,,,,,,,,,,,,,,,,,,,,
925,,,,,,,,,,,,,,,,,,,,,,,,,,,,,,,,,,,,,,,,,,,,,,,,,,
926,,,,,,,,,,,,,,,,,,,,,,,,,,,,,,,,,,,,,,,,,,,,,,,,,,
927,,,,,,,,,,,,,,,,,,,,,,,,,,,,,,,,,,,,,,,,,,,,,,,,,,
93,CVE-2002-1771,CVE-2002-1783,CVE-2004-1513,CVE-2006-4624,CVE-2005-1951,CVE-2004-1687,,,,,,,,,,,,,,,,,,,,,,,,,,,,,,,,,,,,,,,,,,,,
939,CVE-2013-5725,CVE-2013-5726,,,,,,,,,,,,,,,,,,,,,,,,,,,,,,,,,,,,,,,,,,,,,,,,
94,CVE-2008-5071,CVE-2002-1750,CVE-2008-5305,CVE-2002-1752,CVE-2002-1753,CVE-2005-1527,CVE-2005-2837,CVE-2005-1921,CVE-2005-2498,CVE-2005-3302,CVE-2007-1253,CVE-2001-1471,CVE-2002-0495,CVE-2005-1876,CVE-2005-1894,CVE-2003-0395,,,,,,,,,,,,,,,,,,,,,,,,,,,,,,,,,,
940,CVE-2000-1218,CVE-2005-0877,CVE-2001-1452,,,,,,,,,,,,,,,,,,,,,,,,,,,,,,,,,,,,,,,,,,,,,,,
941,CVE-2013-5211,CVE-1999-0513,CVE-1999-1379,,,,,,,,,,,,,,,,,,,,,,,,,,,,,,,,,,,,,,,,,,,,,,,
942,CVE-2012-2292,CVE-2014-2049,CVE-2007-6243,CVE-2008-4822,CVE-2010-3636,,,,,,,,,,,,,,,,,,,,,,,,,,,,,,,,,,,,,,,,,,,,,
943,CVE-2014-2503,CVE-2014-2508,,,,,,,,,,,,,,,,,,,,,,,,,,,,,,,,,,,,,,,,,,,,,,,,
95,CVE-2008-5071,CVE-2002-1750,CVE-2008-5305,CVE-2002-1752,CVE-2002-1753,CVE-2005-1527,CVE-2005-2837,CVE-2005-1921,CVE-2005-2498,CVE-2005-3302,CVE-2007-1253,CVE-2001-1471,CVE-2007-2713,,,,,,,,,,,,,,,,,,,,,,,,,,,,,,,,,,,,,
96,CVE-2002-0495,CVE-2005-1876,CVE-2005-1894,CVE-2003-0395,CVE-2007-6652,,,,,,,,,,,,,,,,,,,,,,,,,,,,,,,,,,,,,,,,,,,,,
97,,,,,,,,,,,,,,,,,,,,,,,,,,,,,,,,,,,,,,,,,,,,,,,,,,
98,CVE-2004-0285,CVE-2004-0030,CVE-2004-0068,CVE-2005-2157,CVE-2005-2162,CVE-2005-2198,CVE-2004-0128,CVE-2005-1864,CVE-2005-1869,CVE-2005-1870,CVE-2005-2154,CVE-2002-1704,CVE-2002-1707,CVE-2005-1964,CVE-2005-1681,CVE-2005-2086,CVE-2004-0127,CVE-2005-1971,CVE-2005-3335,CVE-2009-1936,,,,,,,,,,,,,,,,,,,,,,,,,,,,,,
99,,,,,,,,,,,,,,,,,,,,,,,,,,,,,,,,,,,,,,,,,,,,,,,,,,
